[2026-08-26 07:40:22] production.ERROR: Command "db:show" is not defined.

Did you mean one of these?
    db
    db:seed
    db:wipe
    permission:show {"exception":"[object] (Symfony\\Component\\Console\\Exception\\CommandNotFoundException(code: 0): Command \"db:show\" is not defined.

Did you mean one of these?
    db
    db:seed
    db:wipe
    permission:show at C:\\Users\\Administrator\\Desktop\\working filles\\teptix_banner_changes\\vendor\\symfony\\console\\Application.php:720)
[stacktrace]
#0 C:\\Users\\Administrator\\Desktop\\working filles\\teptix_banner_changes\\vendor\\symfony\\console\\Application.php(259): Symfony\\Component\\Console\\Application->find('db:show')
#1 C:\\Users\\Administrator\\Desktop\\working filles\\teptix_banner_changes\\vendor\\symfony\\console\\Application.php(171): Symfony\\Component\\Console\\Application->doRun(Object(Symfony\\Component\\Console\\Input\\ArgvInput), Object(Symfony\\Component\\Console\\Output\\ConsoleOutput))
#2 C:\\Users\\Administrator\\Desktop\\working filles\\teptix_banner_changes\\vendor\\laravel\\framework\\src\\Illuminate\\Console\\Application.php(94): Symfony\\Component\\Console\\Application->run(Object(Symfony\\Component\\Console\\Input\\ArgvInput), Object(Symfony\\Component\\Console\\Output\\ConsoleOutput))
#3 C:\\Users\\Administrator\\Desktop\\working filles\\teptix_banner_changes\\vendor\\laravel\\framework\\src\\Illuminate\\Foundation\\Console\\Kernel.php(129): Illuminate\\Console\\Application->run(Object(Symfony\\Component\\Console\\Input\\ArgvInput), Object(Symfony\\Component\\Console\\Output\\ConsoleOutput))
#4 C:\\Users\\Administrator\\Desktop\\working filles\\teptix_banner_changes\\artisan(35): Illuminate\\Foundation\\Console\\Kernel->handle(Object(Symfony\\Component\\Console\\Input\\ArgvInput), Object(Symfony\\Component\\Console\\Output\\ConsoleOutput))
#5 {main}
"} 
[2026-08-26 07:58:14] production.ERROR: PHP Parse error: Syntax error, unexpected T_NS_SEPARATOR on line 1 {"exception":"[object] (Psy\\Exception\\ParseErrorException(code: 0): PHP Parse error: Syntax error, unexpected T_NS_SEPARATOR on line 1 at C:\\Users\\Administrator\\Desktop\\working filles\\teptix_banner_changes\\vendor\\psy\\psysh\\src\\Exception\\ParseErrorException.php:44)
[stacktrace]
#0 C:\\Users\\Administrator\\Desktop\\working filles\\teptix_banner_changes\\vendor\\psy\\psysh\\src\\CodeCleaner.php(306): Psy\\Exception\\ParseErrorException::fromParseError(Object(PhpParser\\Error))
#1 C:\\Users\\Administrator\\Desktop\\working filles\\teptix_banner_changes\\vendor\\psy\\psysh\\src\\CodeCleaner.php(240): Psy\\CodeCleaner->parse('<?php try { \\\\ =...', false)
#2 C:\\Users\\Administrator\\Desktop\\working filles\\teptix_banner_changes\\vendor\\psy\\psysh\\src\\Shell.php(852): Psy\\CodeCleaner->clean(Array, false)
#3 C:\\Users\\Administrator\\Desktop\\working filles\\teptix_banner_changes\\vendor\\psy\\psysh\\src\\Shell.php(881): Psy\\Shell->addCode('try { \\\\ = \\\\App\\\\...', true)
#4 C:\\Users\\Administrator\\Desktop\\working filles\\teptix_banner_changes\\vendor\\psy\\psysh\\src\\Shell.php(1390): Psy\\Shell->setCode('try { \\\\ = \\\\App\\\\...', true)
#5 C:\\Users\\Administrator\\Desktop\\working filles\\teptix_banner_changes\\vendor\\laravel\\tinker\\src\\Console\\TinkerCommand.php(76): Psy\\Shell->execute('try { \\\\ = \\\\App\\\\...')
#6 C:\\Users\\Administrator\\Desktop\\working filles\\teptix_banner_changes\\vendor\\laravel\\framework\\src\\Illuminate\\Container\\BoundMethod.php(36): Laravel\\Tinker\\Console\\TinkerCommand->handle()
#7 C:\\Users\\Administrator\\Desktop\\working filles\\teptix_banner_changes\\vendor\\laravel\\framework\\src\\Illuminate\\Container\\Util.php(40): Illuminate\\Container\\BoundMethod::Illuminate\\Container\\{closure}()
#8 C:\\Users\\Administrator\\Desktop\\working filles\\teptix_banner_changes\\vendor\\laravel\\framework\\src\\Illuminate\\Container\\BoundMethod.php(93): Illuminate\\Container\\Util::unwrapIfClosure(Object(Closure))
#9 C:\\Users\\Administrator\\Desktop\\working filles\\teptix_banner_changes\\vendor\\laravel\\framework\\src\\Illuminate\\Container\\BoundMethod.php(35): Illuminate\\Container\\BoundMethod::callBoundMethod(Object(Illuminate\\Foundation\\Application), Array, Object(Closure))
#10 C:\\Users\\Administrator\\Desktop\\working filles\\teptix_banner_changes\\vendor\\laravel\\framework\\src\\Illuminate\\Container\\Container.php(653): Illuminate\\Container\\BoundMethod::call(Object(Illuminate\\Foundation\\Application), Array, Array, NULL)
#11 C:\\Users\\Administrator\\Desktop\\working filles\\teptix_banner_changes\\vendor\\laravel\\framework\\src\\Illuminate\\Console\\Command.php(136): Illuminate\\Container\\Container->call(Array)
#12 C:\\Users\\Administrator\\Desktop\\working filles\\teptix_banner_changes\\vendor\\symfony\\console\\Command\\Command.php(298): Illuminate\\Console\\Command->execute(Object(Symfony\\Component\\Console\\Input\\ArgvInput), Object(Illuminate\\Console\\OutputStyle))
#13 C:\\Users\\Administrator\\Desktop\\working filles\\teptix_banner_changes\\vendor\\laravel\\framework\\src\\Illuminate\\Console\\Command.php(120): Symfony\\Component\\Console\\Command\\Command->run(Object(Symfony\\Component\\Console\\Input\\ArgvInput), Object(Illuminate\\Console\\OutputStyle))
#14 C:\\Users\\Administrator\\Desktop\\working filles\\teptix_banner_changes\\vendor\\symfony\\console\\Application.php(1040): Illuminate\\Console\\Command->run(Object(Symfony\\Component\\Console\\Input\\ArgvInput), Object(Symfony\\Component\\Console\\Output\\ConsoleOutput))
#15 C:\\Users\\Administrator\\Desktop\\working filles\\teptix_banner_changes\\vendor\\symfony\\console\\Application.php(301): Symfony\\Component\\Console\\Application->doRunCommand(Object(Laravel\\Tinker\\Console\\TinkerCommand), Object(Symfony\\Component\\Console\\Input\\ArgvInput), Object(Symfony\\Component\\Console\\Output\\ConsoleOutput))
#16 C:\\Users\\Administrator\\Desktop\\working filles\\teptix_banner_changes\\vendor\\symfony\\console\\Application.php(171): Symfony\\Component\\Console\\Application->doRun(Object(Symfony\\Component\\Console\\Input\\ArgvInput), Object(Symfony\\Component\\Console\\Output\\ConsoleOutput))
#17 C:\\Users\\Administrator\\Desktop\\working filles\\teptix_banner_changes\\vendor\\laravel\\framework\\src\\Illuminate\\Console\\Application.php(94): Symfony\\Component\\Console\\Application->run(Object(Symfony\\Component\\Console\\Input\\ArgvInput), Object(Symfony\\Component\\Console\\Output\\ConsoleOutput))
#18 C:\\Users\\Administrator\\Desktop\\working filles\\teptix_banner_changes\\vendor\\laravel\\framework\\src\\Illuminate\\Foundation\\Console\\Kernel.php(129): Illuminate\\Console\\Application->run(Object(Symfony\\Component\\Console\\Input\\ArgvInput), Object(Symfony\\Component\\Console\\Output\\ConsoleOutput))
#19 C:\\Users\\Administrator\\Desktop\\working filles\\teptix_banner_changes\\artisan(35): Illuminate\\Foundation\\Console\\Kernel->handle(Object(Symfony\\Component\\Console\\Input\\ArgvInput), Object(Symfony\\Component\\Console\\Output\\ConsoleOutput))
#20 {main}
"} 
[2026-08-26 07:58:50] production.ERROR: PHP Parse error: Syntax error, unexpected T_NS_SEPARATOR on line 1 {"exception":"[object] (Psy\\Exception\\ParseErrorException(code: 0): PHP Parse error: Syntax error, unexpected T_NS_SEPARATOR on line 1 at C:\\Users\\Administrator\\Desktop\\working filles\\teptix_banner_changes\\vendor\\psy\\psysh\\src\\Exception\\ParseErrorException.php:44)
[stacktrace]
#0 C:\\Users\\Administrator\\Desktop\\working filles\\teptix_banner_changes\\vendor\\psy\\psysh\\src\\CodeCleaner.php(306): Psy\\Exception\\ParseErrorException::fromParseError(Object(PhpParser\\Error))
#1 C:\\Users\\Administrator\\Desktop\\working filles\\teptix_banner_changes\\vendor\\psy\\psysh\\src\\CodeCleaner.php(240): Psy\\CodeCleaner->parse('<?php \\\\ = \\\\App\\\\...', false)
#2 C:\\Users\\Administrator\\Desktop\\working filles\\teptix_banner_changes\\vendor\\psy\\psysh\\src\\Shell.php(852): Psy\\CodeCleaner->clean(Array, false)
#3 C:\\Users\\Administrator\\Desktop\\working filles\\teptix_banner_changes\\vendor\\psy\\psysh\\src\\Shell.php(881): Psy\\Shell->addCode('\\\\ = \\\\App\\\\Models...', true)
#4 C:\\Users\\Administrator\\Desktop\\working filles\\teptix_banner_changes\\vendor\\psy\\psysh\\src\\Shell.php(1390): Psy\\Shell->setCode('\\\\ = \\\\App\\\\Models...', true)
#5 C:\\Users\\Administrator\\Desktop\\working filles\\teptix_banner_changes\\vendor\\laravel\\tinker\\src\\Console\\TinkerCommand.php(76): Psy\\Shell->execute('\\\\ = \\\\App\\\\Models...')
#6 C:\\Users\\Administrator\\Desktop\\working filles\\teptix_banner_changes\\vendor\\laravel\\framework\\src\\Illuminate\\Container\\BoundMethod.php(36): Laravel\\Tinker\\Console\\TinkerCommand->handle()
#7 C:\\Users\\Administrator\\Desktop\\working filles\\teptix_banner_changes\\vendor\\laravel\\framework\\src\\Illuminate\\Container\\Util.php(40): Illuminate\\Container\\BoundMethod::Illuminate\\Container\\{closure}()
#8 C:\\Users\\Administrator\\Desktop\\working filles\\teptix_banner_changes\\vendor\\laravel\\framework\\src\\Illuminate\\Container\\BoundMethod.php(93): Illuminate\\Container\\Util::unwrapIfClosure(Object(Closure))
#9 C:\\Users\\Administrator\\Desktop\\working filles\\teptix_banner_changes\\vendor\\laravel\\framework\\src\\Illuminate\\Container\\BoundMethod.php(35): Illuminate\\Container\\BoundMethod::callBoundMethod(Object(Illuminate\\Foundation\\Application), Array, Object(Closure))
#10 C:\\Users\\Administrator\\Desktop\\working filles\\teptix_banner_changes\\vendor\\laravel\\framework\\src\\Illuminate\\Container\\Container.php(653): Illuminate\\Container\\BoundMethod::call(Object(Illuminate\\Foundation\\Application), Array, Array, NULL)
#11 C:\\Users\\Administrator\\Desktop\\working filles\\teptix_banner_changes\\vendor\\laravel\\framework\\src\\Illuminate\\Console\\Command.php(136): Illuminate\\Container\\Container->call(Array)
#12 C:\\Users\\Administrator\\Desktop\\working filles\\teptix_banner_changes\\vendor\\symfony\\console\\Command\\Command.php(298): Illuminate\\Console\\Command->execute(Object(Symfony\\Component\\Console\\Input\\ArgvInput), Object(Illuminate\\Console\\OutputStyle))
#13 C:\\Users\\Administrator\\Desktop\\working filles\\teptix_banner_changes\\vendor\\laravel\\framework\\src\\Illuminate\\Console\\Command.php(120): Symfony\\Component\\Console\\Command\\Command->run(Object(Symfony\\Component\\Console\\Input\\ArgvInput), Object(Illuminate\\Console\\OutputStyle))
#14 C:\\Users\\Administrator\\Desktop\\working filles\\teptix_banner_changes\\vendor\\symfony\\console\\Application.php(1040): Illuminate\\Console\\Command->run(Object(Symfony\\Component\\Console\\Input\\ArgvInput), Object(Symfony\\Component\\Console\\Output\\ConsoleOutput))
#15 C:\\Users\\Administrator\\Desktop\\working filles\\teptix_banner_changes\\vendor\\symfony\\console\\Application.php(301): Symfony\\Component\\Console\\Application->doRunCommand(Object(Laravel\\Tinker\\Console\\TinkerCommand), Object(Symfony\\Component\\Console\\Input\\ArgvInput), Object(Symfony\\Component\\Console\\Output\\ConsoleOutput))
#16 C:\\Users\\Administrator\\Desktop\\working filles\\teptix_banner_changes\\vendor\\symfony\\console\\Application.php(171): Symfony\\Component\\Console\\Application->doRun(Object(Symfony\\Component\\Console\\Input\\ArgvInput), Object(Symfony\\Component\\Console\\Output\\ConsoleOutput))
#17 C:\\Users\\Administrator\\Desktop\\working filles\\teptix_banner_changes\\vendor\\laravel\\framework\\src\\Illuminate\\Console\\Application.php(94): Symfony\\Component\\Console\\Application->run(Object(Symfony\\Component\\Console\\Input\\ArgvInput), Object(Symfony\\Component\\Console\\Output\\ConsoleOutput))
#18 C:\\Users\\Administrator\\Desktop\\working filles\\teptix_banner_changes\\vendor\\laravel\\framework\\src\\Illuminate\\Foundation\\Console\\Kernel.php(129): Illuminate\\Console\\Application->run(Object(Symfony\\Component\\Console\\Input\\ArgvInput), Object(Symfony\\Component\\Console\\Output\\ConsoleOutput))
#19 C:\\Users\\Administrator\\Desktop\\working filles\\teptix_banner_changes\\artisan(35): Illuminate\\Foundation\\Console\\Kernel->handle(Object(Symfony\\Component\\Console\\Input\\ArgvInput), Object(Symfony\\Component\\Console\\Output\\ConsoleOutput))
#20 {main}
"} 
[2026-08-26 08:01:40] production.ERROR: Illuminate\Console\Application::run(): Argument #1 ($input) must be of type ?Symfony\Component\Console\Input\InputInterface, Illuminate\Http\Request given, called in C:\Users\Administrator\Desktop\working filles\teptix_banner_changes\vendor\laravel\framework\src\Illuminate\Foundation\Console\Kernel.php on line 129 {"exception":"[object] (TypeError(code: 0): Illuminate\\Console\\Application::run(): Argument #1 ($input) must be of type ?Symfony\\Component\\Console\\Input\\InputInterface, Illuminate\\Http\\Request given, called in C:\\Users\\Administrator\\Desktop\\working filles\\teptix_banner_changes\\vendor\\laravel\\framework\\src\\Illuminate\\Foundation\\Console\\Kernel.php on line 129 at C:\\Users\\Administrator\\Desktop\\working filles\\teptix_banner_changes\\vendor\\laravel\\framework\\src\\Illuminate\\Console\\Application.php:82)
[stacktrace]
#0 C:\\Users\\Administrator\\Desktop\\working filles\\teptix_banner_changes\\vendor\\laravel\\framework\\src\\Illuminate\\Foundation\\Console\\Kernel.php(129): Illuminate\\Console\\Application->run(Object(Illuminate\\Http\\Request), NULL)
#1 C:\\Users\\Administrator\\.gemini\\antigravity-cli\\brain\\54b3c5d5-a9ac-4d22-a8a6-783c5d83eba1\\scratch\\check_user.php(56): Illuminate\\Foundation\\Console\\Kernel->handle(Object(Illuminate\\Http\\Request))
#2 {main}
"} 
[2026-08-26 08:03:57] production.ERROR: PHP Parse error: Syntax error, unexpected T_NS_SEPARATOR on line 1 {"exception":"[object] (Psy\\Exception\\ParseErrorException(code: 0): PHP Parse error: Syntax error, unexpected T_NS_SEPARATOR on line 1 at C:\\Users\\Administrator\\Desktop\\working filles\\teptix_banner_changes\\vendor\\psy\\psysh\\src\\Exception\\ParseErrorException.php:44)
[stacktrace]
#0 C:\\Users\\Administrator\\Desktop\\working filles\\teptix_banner_changes\\vendor\\psy\\psysh\\src\\CodeCleaner.php(306): Psy\\Exception\\ParseErrorException::fromParseError(Object(PhpParser\\Error))
#1 C:\\Users\\Administrator\\Desktop\\working filles\\teptix_banner_changes\\vendor\\psy\\psysh\\src\\CodeCleaner.php(240): Psy\\CodeCleaner->parse('<?php \\\\ = \\\\App\\\\...', false)
#2 C:\\Users\\Administrator\\Desktop\\working filles\\teptix_banner_changes\\vendor\\psy\\psysh\\src\\Shell.php(852): Psy\\CodeCleaner->clean(Array, false)
#3 C:\\Users\\Administrator\\Desktop\\working filles\\teptix_banner_changes\\vendor\\psy\\psysh\\src\\Shell.php(881): Psy\\Shell->addCode('\\\\ = \\\\App\\\\Models...', true)
#4 C:\\Users\\Administrator\\Desktop\\working filles\\teptix_banner_changes\\vendor\\psy\\psysh\\src\\Shell.php(1390): Psy\\Shell->setCode('\\\\ = \\\\App\\\\Models...', true)
#5 C:\\Users\\Administrator\\Desktop\\working filles\\teptix_banner_changes\\vendor\\laravel\\tinker\\src\\Console\\TinkerCommand.php(76): Psy\\Shell->execute('\\\\ = \\\\App\\\\Models...')
#6 C:\\Users\\Administrator\\Desktop\\working filles\\teptix_banner_changes\\vendor\\laravel\\framework\\src\\Illuminate\\Container\\BoundMethod.php(36): Laravel\\Tinker\\Console\\TinkerCommand->handle()
#7 C:\\Users\\Administrator\\Desktop\\working filles\\teptix_banner_changes\\vendor\\laravel\\framework\\src\\Illuminate\\Container\\Util.php(40): Illuminate\\Container\\BoundMethod::Illuminate\\Container\\{closure}()
#8 C:\\Users\\Administrator\\Desktop\\working filles\\teptix_banner_changes\\vendor\\laravel\\framework\\src\\Illuminate\\Container\\BoundMethod.php(93): Illuminate\\Container\\Util::unwrapIfClosure(Object(Closure))
#9 C:\\Users\\Administrator\\Desktop\\working filles\\teptix_banner_changes\\vendor\\laravel\\framework\\src\\Illuminate\\Container\\BoundMethod.php(35): Illuminate\\Container\\BoundMethod::callBoundMethod(Object(Illuminate\\Foundation\\Application), Array, Object(Closure))
#10 C:\\Users\\Administrator\\Desktop\\working filles\\teptix_banner_changes\\vendor\\laravel\\framework\\src\\Illuminate\\Container\\Container.php(653): Illuminate\\Container\\BoundMethod::call(Object(Illuminate\\Foundation\\Application), Array, Array, NULL)
#11 C:\\Users\\Administrator\\Desktop\\working filles\\teptix_banner_changes\\vendor\\laravel\\framework\\src\\Illuminate\\Console\\Command.php(136): Illuminate\\Container\\Container->call(Array)
#12 C:\\Users\\Administrator\\Desktop\\working filles\\teptix_banner_changes\\vendor\\symfony\\console\\Command\\Command.php(298): Illuminate\\Console\\Command->execute(Object(Symfony\\Component\\Console\\Input\\ArgvInput), Object(Illuminate\\Console\\OutputStyle))
#13 C:\\Users\\Administrator\\Desktop\\working filles\\teptix_banner_changes\\vendor\\laravel\\framework\\src\\Illuminate\\Console\\Command.php(120): Symfony\\Component\\Console\\Command\\Command->run(Object(Symfony\\Component\\Console\\Input\\ArgvInput), Object(Illuminate\\Console\\OutputStyle))
#14 C:\\Users\\Administrator\\Desktop\\working filles\\teptix_banner_changes\\vendor\\symfony\\console\\Application.php(1040): Illuminate\\Console\\Command->run(Object(Symfony\\Component\\Console\\Input\\ArgvInput), Object(Symfony\\Component\\Console\\Output\\ConsoleOutput))
#15 C:\\Users\\Administrator\\Desktop\\working filles\\teptix_banner_changes\\vendor\\symfony\\console\\Application.php(301): Symfony\\Component\\Console\\Application->doRunCommand(Object(Laravel\\Tinker\\Console\\TinkerCommand), Object(Symfony\\Component\\Console\\Input\\ArgvInput), Object(Symfony\\Component\\Console\\Output\\ConsoleOutput))
#16 C:\\Users\\Administrator\\Desktop\\working filles\\teptix_banner_changes\\vendor\\symfony\\console\\Application.php(171): Symfony\\Component\\Console\\Application->doRun(Object(Symfony\\Component\\Console\\Input\\ArgvInput), Object(Symfony\\Component\\Console\\Output\\ConsoleOutput))
#17 C:\\Users\\Administrator\\Desktop\\working filles\\teptix_banner_changes\\vendor\\laravel\\framework\\src\\Illuminate\\Console\\Application.php(94): Symfony\\Component\\Console\\Application->run(Object(Symfony\\Component\\Console\\Input\\ArgvInput), Object(Symfony\\Component\\Console\\Output\\ConsoleOutput))
#18 C:\\Users\\Administrator\\Desktop\\working filles\\teptix_banner_changes\\vendor\\laravel\\framework\\src\\Illuminate\\Foundation\\Console\\Kernel.php(129): Illuminate\\Console\\Application->run(Object(Symfony\\Component\\Console\\Input\\ArgvInput), Object(Symfony\\Component\\Console\\Output\\ConsoleOutput))
#19 C:\\Users\\Administrator\\Desktop\\working filles\\teptix_banner_changes\\artisan(35): Illuminate\\Foundation\\Console\\Kernel->handle(Object(Symfony\\Component\\Console\\Input\\ArgvInput), Object(Symfony\\Component\\Console\\Output\\ConsoleOutput))
#20 {main}
"} 
[2026-08-26 08:11:48] production.ERROR: Undefined array key "image" {"exception":"[object] (ErrorException(code: 0): Undefined array key \"image\" at C:\\Users\\Administrator\\Desktop\\working filles\\teptix_banner_changes\\app\\Models\\User.php:77)
[stacktrace]
#0 C:\\Users\\Administrator\\Desktop\\working filles\\teptix_banner_changes\\app\\Models\\User.php(77): Illuminate\\Foundation\\Bootstrap\\HandleExceptions->handleError(2, 'Undefined array...', 'C:\\\\Users\\\\Admini...', 77)
#1 C:\\Users\\Administrator\\Desktop\\working filles\\teptix_banner_changes\\vendor\\laravel\\framework\\src\\Illuminate\\Database\\Eloquent\\Concerns\\HasAttributes.php(620): App\\Models\\User->getImagePathAttribute(NULL)
#2 C:\\Users\\Administrator\\Desktop\\working filles\\teptix_banner_changes\\vendor\\laravel\\framework\\src\\Illuminate\\Database\\Eloquent\\Concerns\\HasAttributes.php(670): Illuminate\\Database\\Eloquent\\Model->mutateAttribute('imagePath', NULL)
#3 C:\\Users\\Administrator\\Desktop\\working filles\\teptix_banner_changes\\vendor\\laravel\\framework\\src\\Illuminate\\Database\\Eloquent\\Concerns\\HasAttributes.php(201): Illuminate\\Database\\Eloquent\\Model->mutateAttributeForArray('imagePath', NULL)
#4 C:\\Users\\Administrator\\Desktop\\working filles\\teptix_banner_changes\\vendor\\laravel\\framework\\src\\Illuminate\\Database\\Eloquent\\Model.php(1485): Illuminate\\Database\\Eloquent\\Model->attributesToArray()
#5 C:\\Users\\Administrator\\Desktop\\working filles\\teptix_banner_changes\\vendor\\laravel\\framework\\src\\Illuminate\\Database\\Eloquent\\Model.php(1515): Illuminate\\Database\\Eloquent\\Model->toArray()
#6 C:\\Users\\Administrator\\Desktop\\working filles\\teptix_banner_changes\\vendor\\laravel\\framework\\src\\Illuminate\\Collections\\Traits\\EnumeratesValues.php(889): Illuminate\\Database\\Eloquent\\Model->jsonSerialize()
#7 [internal function]: Illuminate\\Support\\Collection->Illuminate\\Support\\Traits\\{closure}(Object(App\\Models\\User))
#8 C:\\Users\\Administrator\\Desktop\\working filles\\teptix_banner_changes\\vendor\\laravel\\framework\\src\\Illuminate\\Collections\\Traits\\EnumeratesValues.php(887): array_map(Object(Closure), Array)
#9 [internal function]: Illuminate\\Support\\Collection->jsonSerialize()
#10 C:\\Users\\Administrator\\.gemini\\antigravity-cli\\brain\\54b3c5d5-a9ac-4d22-a8a6-783c5d83eba1\\scratch\\check_organizers.php(13): json_encode(Object(Illuminate\\Database\\Eloquent\\Collection), 128)
#11 {main}
"} 
[2026-08-26 10:07:27] production.ERROR: Undefined array key "image" {"exception":"[object] (ErrorException(code: 0): Undefined array key \"image\" at C:\\Users\\Administrator\\Desktop\\working filles\\teptix_banner_changes\\app\\Models\\User.php:77)
[stacktrace]
#0 C:\\Users\\Administrator\\Desktop\\working filles\\teptix_banner_changes\\app\\Models\\User.php(77): Illuminate\\Foundation\\Bootstrap\\HandleExceptions->handleError(2, 'Undefined array...', 'C:\\\\Users\\\\Admini...', 77)
#1 C:\\Users\\Administrator\\Desktop\\working filles\\teptix_banner_changes\\vendor\\laravel\\framework\\src\\Illuminate\\Database\\Eloquent\\Concerns\\HasAttributes.php(620): App\\Models\\User->getImagePathAttribute(NULL)
#2 C:\\Users\\Administrator\\Desktop\\working filles\\teptix_banner_changes\\vendor\\laravel\\framework\\src\\Illuminate\\Database\\Eloquent\\Concerns\\HasAttributes.php(670): Illuminate\\Database\\Eloquent\\Model->mutateAttribute('imagePath', NULL)
#3 C:\\Users\\Administrator\\Desktop\\working filles\\teptix_banner_changes\\vendor\\laravel\\framework\\src\\Illuminate\\Database\\Eloquent\\Concerns\\HasAttributes.php(201): Illuminate\\Database\\Eloquent\\Model->mutateAttributeForArray('imagePath', NULL)
#4 C:\\Users\\Administrator\\Desktop\\working filles\\teptix_banner_changes\\vendor\\laravel\\framework\\src\\Illuminate\\Database\\Eloquent\\Model.php(1485): Illuminate\\Database\\Eloquent\\Model->attributesToArray()
#5 C:\\Users\\Administrator\\Desktop\\working filles\\teptix_banner_changes\\vendor\\laravel\\framework\\src\\Illuminate\\Database\\Eloquent\\Model.php(1515): Illuminate\\Database\\Eloquent\\Model->toArray()
#6 C:\\Users\\Administrator\\Desktop\\working filles\\teptix_banner_changes\\vendor\\laravel\\framework\\src\\Illuminate\\Collections\\Traits\\EnumeratesValues.php(889): Illuminate\\Database\\Eloquent\\Model->jsonSerialize()
#7 [internal function]: Illuminate\\Support\\Collection->Illuminate\\Support\\Traits\\{closure}(Object(App\\Models\\User))
#8 C:\\Users\\Administrator\\Desktop\\working filles\\teptix_banner_changes\\vendor\\laravel\\framework\\src\\Illuminate\\Collections\\Traits\\EnumeratesValues.php(887): array_map(Object(Closure), Array)
#9 [internal function]: Illuminate\\Support\\Collection->jsonSerialize()
#10 C:\\Users\\Administrator\\.gemini\\antigravity-cli\\brain\\7ba150aa-adfb-48e9-8d43-8aa60044c2cf\\scratch\\check_users_table.php(20): json_encode(Object(Illuminate\\Database\\Eloquent\\Collection), 128)
#11 {main}
"} 
[2026-08-26 10:22:52] production.ERROR: Object of class DateTimeImmutable could not be converted to string {"exception":"[object] (Error(code: 0): Object of class DateTimeImmutable could not be converted to string at C:\\Users\\Administrator\\.gemini\\antigravity-cli\\brain\\7ba150aa-adfb-48e9-8d43-8aa60044c2cf\\scratch\\inspect_tokens.php:24)
[stacktrace]
#0 {main}
"} 
[2026-08-26 10:25:18] production.INFO: === user/user-order response === {"success":true,"msg":null,"data":{"upcoming":[],"past":[]}} 
[2026-08-26 10:28:14] production.ERROR: The resource owner or authorization server denied the request. {"exception":"[object] (League\\OAuth2\\Server\\Exception\\OAuthServerException(code: 9): The resource owner or authorization server denied the request. at C:\\Users\\Administrator\\Desktop\\working filles\\teptix_banner_changes\\vendor\\league\\oauth2-server\\src\\Exception\\OAuthServerException.php:243)
[stacktrace]
#0 C:\\Users\\Administrator\\Desktop\\working filles\\teptix_banner_changes\\vendor\\league\\oauth2-server\\src\\AuthorizationValidators\\BearerTokenValidator.php(108): League\\OAuth2\\Server\\Exception\\OAuthServerException::accessDenied('The JWT string ...', NULL, Object(Lcobucci\\JWT\\Token\\InvalidTokenStructure))
#1 C:\\Users\\Administrator\\Desktop\\working filles\\teptix_banner_changes\\vendor\\league\\oauth2-server\\src\\ResourceServer.php(84): League\\OAuth2\\Server\\AuthorizationValidators\\BearerTokenValidator->validateAuthorization(Object(Nyholm\\Psr7\\ServerRequest))
#2 C:\\Users\\Administrator\\Desktop\\working filles\\teptix_banner_changes\\vendor\\laravel\\passport\\src\\Guards\\TokenGuard.php(205): League\\OAuth2\\Server\\ResourceServer->validateAuthenticatedRequest(Object(Nyholm\\Psr7\\ServerRequest))
#3 C:\\Users\\Administrator\\Desktop\\working filles\\teptix_banner_changes\\vendor\\laravel\\passport\\src\\Guards\\TokenGuard.php(148): Laravel\\Passport\\Guards\\TokenGuard->getPsrRequestViaBearerToken(Object(Illuminate\\Http\\Request))
#4 C:\\Users\\Administrator\\Desktop\\working filles\\teptix_banner_changes\\vendor\\laravel\\passport\\src\\Guards\\TokenGuard.php(111): Laravel\\Passport\\Guards\\TokenGuard->authenticateViaBearerToken(Object(Illuminate\\Http\\Request))
#5 C:\\Users\\Administrator\\Desktop\\working filles\\teptix_banner_changes\\vendor\\laravel\\passport\\src\\PassportServiceProvider.php(309): Laravel\\Passport\\Guards\\TokenGuard->user(Object(Illuminate\\Http\\Request))
#6 [internal function]: Laravel\\Passport\\PassportServiceProvider->Laravel\\Passport\\{closure}(Object(Illuminate\\Http\\Request), NULL)
#7 C:\\Users\\Administrator\\Desktop\\working filles\\teptix_banner_changes\\vendor\\laravel\\framework\\src\\Illuminate\\Auth\\RequestGuard.php(57): call_user_func(Object(Closure), Object(Illuminate\\Http\\Request), NULL)
#8 C:\\Users\\Administrator\\Desktop\\working filles\\teptix_banner_changes\\vendor\\laravel\\framework\\src\\Illuminate\\Auth\\GuardHelpers.php(60): Illuminate\\Auth\\RequestGuard->user()
#9 C:\\Users\\Administrator\\Desktop\\working filles\\teptix_banner_changes\\vendor\\laravel\\framework\\src\\Illuminate\\Auth\\Middleware\\Authenticate.php(63): Illuminate\\Auth\\RequestGuard->check()
#10 C:\\Users\\Administrator\\Desktop\\working filles\\teptix_banner_changes\\vendor\\laravel\\framework\\src\\Illuminate\\Auth\\Middleware\\Authenticate.php(42): Illuminate\\Auth\\Middleware\\Authenticate->authenticate(Object(Illuminate\\Http\\Request), Array)
#11 C:\\Users\\Administrator\\Desktop\\working filles\\teptix_banner_changes\\vendor\\laravel\\framework\\src\\Illuminate\\Pipeline\\Pipeline.php(167): Illuminate\\Auth\\Middleware\\Authenticate->handle(Object(Illuminate\\Http\\Request), Object(Closure), 'userApi')
#12 C:\\Users\\Administrator\\Desktop\\working filles\\teptix_banner_changes\\vendor\\laravel\\framework\\src\\Illuminate\\Pipeline\\Pipeline.php(103): Illuminate\\Pipeline\\Pipeline->Illuminate\\Pipeline\\{closure}(Object(Illuminate\\Http\\Request))
#13 C:\\Users\\Administrator\\Desktop\\working filles\\teptix_banner_changes\\vendor\\laravel\\framework\\src\\Illuminate\\Routing\\Router.php(719): Illuminate\\Pipeline\\Pipeline->then(Object(Closure))
#14 C:\\Users\\Administrator\\Desktop\\working filles\\teptix_banner_changes\\vendor\\laravel\\framework\\src\\Illuminate\\Routing\\Router.php(698): Illuminate\\Routing\\Router->runRouteWithinStack(Object(Illuminate\\Routing\\Route), Object(Illuminate\\Http\\Request))
#15 C:\\Users\\Administrator\\Desktop\\working filles\\teptix_banner_changes\\vendor\\laravel\\framework\\src\\Illuminate\\Routing\\Router.php(662): Illuminate\\Routing\\Router->runRoute(Object(Illuminate\\Http\\Request), Object(Illuminate\\Routing\\Route))
#16 C:\\Users\\Administrator\\Desktop\\working filles\\teptix_banner_changes\\vendor\\laravel\\framework\\src\\Illuminate\\Routing\\Router.php(651): Illuminate\\Routing\\Router->dispatchToRoute(Object(Illuminate\\Http\\Request))
#17 C:\\Users\\Administrator\\Desktop\\working filles\\teptix_banner_changes\\vendor\\laravel\\framework\\src\\Illuminate\\Foundation\\Http\\Kernel.php(167): Illuminate\\Routing\\Router->dispatch(Object(Illuminate\\Http\\Request))
#18 C:\\Users\\Administrator\\Desktop\\working filles\\teptix_banner_changes\\vendor\\laravel\\framework\\src\\Illuminate\\Pipeline\\Pipeline.php(128): Illuminate\\Foundation\\Http\\Kernel->Illuminate\\Foundation\\Http\\{closure}(Object(Illuminate\\Http\\Request))
#19 C:\\Users\\Administrator\\Desktop\\working filles\\teptix_banner_changes\\vendor\\laravel\\framework\\src\\Illuminate\\Foundation\\Http\\Middleware\\TransformsRequest.php(21): Illuminate\\Pipeline\\Pipeline->Illuminate\\Pipeline\\{closure}(Object(Illuminate\\Http\\Request))
#20 C:\\Users\\Administrator\\Desktop\\working filles\\teptix_banner_changes\\vendor\\laravel\\framework\\src\\Illuminate\\Foundation\\Http\\Middleware\\ConvertEmptyStringsToNull.php(31): Illuminate\\Foundation\\Http\\Middleware\\TransformsRequest->handle(Object(Illuminate\\Http\\Request), Object(Closure))
#21 C:\\Users\\Administrator\\Desktop\\working filles\\teptix_banner_changes\\vendor\\laravel\\framework\\src\\Illuminate\\Pipeline\\Pipeline.php(167): Illuminate\\Foundation\\Http\\Middleware\\ConvertEmptyStringsToNull->handle(Object(Illuminate\\Http\\Request), Object(Closure))
#22 C:\\Users\\Administrator\\Desktop\\working filles\\teptix_banner_changes\\vendor\\laravel\\framework\\src\\Illuminate\\Foundation\\Http\\Middleware\\TransformsRequest.php(21): Illuminate\\Pipeline\\Pipeline->Illuminate\\Pipeline\\{closure}(Object(Illuminate\\Http\\Request))
#23 C:\\Users\\Administrator\\Desktop\\working filles\\teptix_banner_changes\\vendor\\laravel\\framework\\src\\Illuminate\\Foundation\\Http\\Middleware\\TrimStrings.php(40): Illuminate\\Foundation\\Http\\Middleware\\TransformsRequest->handle(Object(Illuminate\\Http\\Request), Object(Closure))
#24 C:\\Users\\Administrator\\Desktop\\working filles\\teptix_banner_changes\\vendor\\laravel\\framework\\src\\Illuminate\\Pipeline\\Pipeline.php(167): Illuminate\\Foundation\\Http\\Middleware\\TrimStrings->handle(Object(Illuminate\\Http\\Request), Object(Closure))
#25 C:\\Users\\Administrator\\Desktop\\working filles\\teptix_banner_changes\\vendor\\laravel\\framework\\src\\Illuminate\\Foundation\\Http\\Middleware\\ValidatePostSize.php(27): Illuminate\\Pipeline\\Pipeline->Illuminate\\Pipeline\\{closure}(Object(Illuminate\\Http\\Request))
#26 C:\\Users\\Administrator\\Desktop\\working filles\\teptix_banner_changes\\vendor\\laravel\\framework\\src\\Illuminate\\Pipeline\\Pipeline.php(167): Illuminate\\Foundation\\Http\\Middleware\\ValidatePostSize->handle(Object(Illuminate\\Http\\Request), Object(Closure))
#27 C:\\Users\\Administrator\\Desktop\\working filles\\teptix_banner_changes\\vendor\\fruitcake\\laravel-cors\\src\\HandleCors.php(52): Illuminate\\Pipeline\\Pipeline->Illuminate\\Pipeline\\{closure}(Object(Illuminate\\Http\\Request))
#28 C:\\Users\\Administrator\\Desktop\\working filles\\teptix_banner_changes\\vendor\\laravel\\framework\\src\\Illuminate\\Pipeline\\Pipeline.php(167): Fruitcake\\Cors\\HandleCors->handle(Object(Illuminate\\Http\\Request), Object(Closure))
#29 C:\\Users\\Administrator\\Desktop\\working filles\\teptix_banner_changes\\vendor\\fideloper\\proxy\\src\\TrustProxies.php(57): Illuminate\\Pipeline\\Pipeline->Illuminate\\Pipeline\\{closure}(Object(Illuminate\\Http\\Request))
#30 C:\\Users\\Administrator\\Desktop\\working filles\\teptix_banner_changes\\vendor\\laravel\\framework\\src\\Illuminate\\Pipeline\\Pipeline.php(167): Fideloper\\Proxy\\TrustProxies->handle(Object(Illuminate\\Http\\Request), Object(Closure))
#31 C:\\Users\\Administrator\\Desktop\\working filles\\teptix_banner_changes\\app\\Http\\Middleware\\LogOAuthRequests.php(19): Illuminate\\Pipeline\\Pipeline->Illuminate\\Pipeline\\{closure}(Object(Illuminate\\Http\\Request))
#32 C:\\Users\\Administrator\\Desktop\\working filles\\teptix_banner_changes\\vendor\\laravel\\framework\\src\\Illuminate\\Pipeline\\Pipeline.php(167): App\\Http\\Middleware\\LogOAuthRequests->handle(Object(Illuminate\\Http\\Request), Object(Closure))
#33 C:\\Users\\Administrator\\Desktop\\working filles\\teptix_banner_changes\\vendor\\laravel\\framework\\src\\Illuminate\\Pipeline\\Pipeline.php(103): Illuminate\\Pipeline\\Pipeline->Illuminate\\Pipeline\\{closure}(Object(Illuminate\\Http\\Request))
#34 C:\\Users\\Administrator\\Desktop\\working filles\\teptix_banner_changes\\vendor\\laravel\\framework\\src\\Illuminate\\Foundation\\Http\\Kernel.php(142): Illuminate\\Pipeline\\Pipeline->then(Object(Closure))
#35 C:\\Users\\Administrator\\Desktop\\working filles\\teptix_banner_changes\\vendor\\laravel\\framework\\src\\Illuminate\\Foundation\\Http\\Kernel.php(111): Illuminate\\Foundation\\Http\\Kernel->sendRequestThroughRouter(Object(Illuminate\\Http\\Request))
#36 C:\\Users\\Administrator\\.gemini\\antigravity-cli\\brain\\7ba150aa-adfb-48e9-8d43-8aa60044c2cf\\scratch\\test_invalid_token.php(15): Illuminate\\Foundation\\Http\\Kernel->handle(Object(Illuminate\\Http\\Request))
#37 {main}

[previous exception] [object] (Lcobucci\\JWT\\Token\\InvalidTokenStructure(code: 0): The JWT string must have two dots at C:\\Users\\Administrator\\Desktop\\working filles\\teptix_banner_changes\\vendor\\lcobucci\\jwt\\src\\Token\\InvalidTokenStructure.php:13)
[stacktrace]
#0 C:\\Users\\Administrator\\Desktop\\working filles\\teptix_banner_changes\\vendor\\lcobucci\\jwt\\src\\Token\\Parser.php(54): Lcobucci\\JWT\\Token\\InvalidTokenStructure::missingOrNotEnoughSeparators()
#1 C:\\Users\\Administrator\\Desktop\\working filles\\teptix_banner_changes\\vendor\\lcobucci\\jwt\\src\\Token\\Parser.php(31): Lcobucci\\JWT\\Token\\Parser->splitJwt('invalid_token')
#2 C:\\Users\\Administrator\\Desktop\\working filles\\teptix_banner_changes\\vendor\\league\\oauth2-server\\src\\AuthorizationValidators\\BearerTokenValidator.php(106): Lcobucci\\JWT\\Token\\Parser->parse('invalid_token')
#3 C:\\Users\\Administrator\\Desktop\\working filles\\teptix_banner_changes\\vendor\\league\\oauth2-server\\src\\ResourceServer.php(84): League\\OAuth2\\Server\\AuthorizationValidators\\BearerTokenValidator->validateAuthorization(Object(Nyholm\\Psr7\\ServerRequest))
#4 C:\\Users\\Administrator\\Desktop\\working filles\\teptix_banner_changes\\vendor\\laravel\\passport\\src\\Guards\\TokenGuard.php(205): League\\OAuth2\\Server\\ResourceServer->validateAuthenticatedRequest(Object(Nyholm\\Psr7\\ServerRequest))
#5 C:\\Users\\Administrator\\Desktop\\working filles\\teptix_banner_changes\\vendor\\laravel\\passport\\src\\Guards\\TokenGuard.php(148): Laravel\\Passport\\Guards\\TokenGuard->getPsrRequestViaBearerToken(Object(Illuminate\\Http\\Request))
#6 C:\\Users\\Administrator\\Desktop\\working filles\\teptix_banner_changes\\vendor\\laravel\\passport\\src\\Guards\\TokenGuard.php(111): Laravel\\Passport\\Guards\\TokenGuard->authenticateViaBearerToken(Object(Illuminate\\Http\\Request))
#7 C:\\Users\\Administrator\\Desktop\\working filles\\teptix_banner_changes\\vendor\\laravel\\passport\\src\\PassportServiceProvider.php(309): Laravel\\Passport\\Guards\\TokenGuard->user(Object(Illuminate\\Http\\Request))
#8 [internal function]: Laravel\\Passport\\PassportServiceProvider->Laravel\\Passport\\{closure}(Object(Illuminate\\Http\\Request), NULL)
#9 C:\\Users\\Administrator\\Desktop\\working filles\\teptix_banner_changes\\vendor\\laravel\\framework\\src\\Illuminate\\Auth\\RequestGuard.php(57): call_user_func(Object(Closure), Object(Illuminate\\Http\\Request), NULL)
#10 C:\\Users\\Administrator\\Desktop\\working filles\\teptix_banner_changes\\vendor\\laravel\\framework\\src\\Illuminate\\Auth\\GuardHelpers.php(60): Illuminate\\Auth\\RequestGuard->user()
#11 C:\\Users\\Administrator\\Desktop\\working filles\\teptix_banner_changes\\vendor\\laravel\\framework\\src\\Illuminate\\Auth\\Middleware\\Authenticate.php(63): Illuminate\\Auth\\RequestGuard->check()
#12 C:\\Users\\Administrator\\Desktop\\working filles\\teptix_banner_changes\\vendor\\laravel\\framework\\src\\Illuminate\\Auth\\Middleware\\Authenticate.php(42): Illuminate\\Auth\\Middleware\\Authenticate->authenticate(Object(Illuminate\\Http\\Request), Array)
#13 C:\\Users\\Administrator\\Desktop\\working filles\\teptix_banner_changes\\vendor\\laravel\\framework\\src\\Illuminate\\Pipeline\\Pipeline.php(167): Illuminate\\Auth\\Middleware\\Authenticate->handle(Object(Illuminate\\Http\\Request), Object(Closure), 'userApi')
#14 C:\\Users\\Administrator\\Desktop\\working filles\\teptix_banner_changes\\vendor\\laravel\\framework\\src\\Illuminate\\Pipeline\\Pipeline.php(103): Illuminate\\Pipeline\\Pipeline->Illuminate\\Pipeline\\{closure}(Object(Illuminate\\Http\\Request))
#15 C:\\Users\\Administrator\\Desktop\\working filles\\teptix_banner_changes\\vendor\\laravel\\framework\\src\\Illuminate\\Routing\\Router.php(719): Illuminate\\Pipeline\\Pipeline->then(Object(Closure))
#16 C:\\Users\\Administrator\\Desktop\\working filles\\teptix_banner_changes\\vendor\\laravel\\framework\\src\\Illuminate\\Routing\\Router.php(698): Illuminate\\Routing\\Router->runRouteWithinStack(Object(Illuminate\\Routing\\Route), Object(Illuminate\\Http\\Request))
#17 C:\\Users\\Administrator\\Desktop\\working filles\\teptix_banner_changes\\vendor\\laravel\\framework\\src\\Illuminate\\Routing\\Router.php(662): Illuminate\\Routing\\Router->runRoute(Object(Illuminate\\Http\\Request), Object(Illuminate\\Routing\\Route))
#18 C:\\Users\\Administrator\\Desktop\\working filles\\teptix_banner_changes\\vendor\\laravel\\framework\\src\\Illuminate\\Routing\\Router.php(651): Illuminate\\Routing\\Router->dispatchToRoute(Object(Illuminate\\Http\\Request))
#19 C:\\Users\\Administrator\\Desktop\\working filles\\teptix_banner_changes\\vendor\\laravel\\framework\\src\\Illuminate\\Foundation\\Http\\Kernel.php(167): Illuminate\\Routing\\Router->dispatch(Object(Illuminate\\Http\\Request))
#20 C:\\Users\\Administrator\\Desktop\\working filles\\teptix_banner_changes\\vendor\\laravel\\framework\\src\\Illuminate\\Pipeline\\Pipeline.php(128): Illuminate\\Foundation\\Http\\Kernel->Illuminate\\Foundation\\Http\\{closure}(Object(Illuminate\\Http\\Request))
#21 C:\\Users\\Administrator\\Desktop\\working filles\\teptix_banner_changes\\vendor\\laravel\\framework\\src\\Illuminate\\Foundation\\Http\\Middleware\\TransformsRequest.php(21): Illuminate\\Pipeline\\Pipeline->Illuminate\\Pipeline\\{closure}(Object(Illuminate\\Http\\Request))
#22 C:\\Users\\Administrator\\Desktop\\working filles\\teptix_banner_changes\\vendor\\laravel\\framework\\src\\Illuminate\\Foundation\\Http\\Middleware\\ConvertEmptyStringsToNull.php(31): Illuminate\\Foundation\\Http\\Middleware\\TransformsRequest->handle(Object(Illuminate\\Http\\Request), Object(Closure))
#23 C:\\Users\\Administrator\\Desktop\\working filles\\teptix_banner_changes\\vendor\\laravel\\framework\\src\\Illuminate\\Pipeline\\Pipeline.php(167): Illuminate\\Foundation\\Http\\Middleware\\ConvertEmptyStringsToNull->handle(Object(Illuminate\\Http\\Request), Object(Closure))
#24 C:\\Users\\Administrator\\Desktop\\working filles\\teptix_banner_changes\\vendor\\laravel\\framework\\src\\Illuminate\\Foundation\\Http\\Middleware\\TransformsRequest.php(21): Illuminate\\Pipeline\\Pipeline->Illuminate\\Pipeline\\{closure}(Object(Illuminate\\Http\\Request))
#25 C:\\Users\\Administrator\\Desktop\\working filles\\teptix_banner_changes\\vendor\\laravel\\framework\\src\\Illuminate\\Foundation\\Http\\Middleware\\TrimStrings.php(40): Illuminate\\Foundation\\Http\\Middleware\\TransformsRequest->handle(Object(Illuminate\\Http\\Request), Object(Closure))
#26 C:\\Users\\Administrator\\Desktop\\working filles\\teptix_banner_changes\\vendor\\laravel\\framework\\src\\Illuminate\\Pipeline\\Pipeline.php(167): Illuminate\\Foundation\\Http\\Middleware\\TrimStrings->handle(Object(Illuminate\\Http\\Request), Object(Closure))
#27 C:\\Users\\Administrator\\Desktop\\working filles\\teptix_banner_changes\\vendor\\laravel\\framework\\src\\Illuminate\\Foundation\\Http\\Middleware\\ValidatePostSize.php(27): Illuminate\\Pipeline\\Pipeline->Illuminate\\Pipeline\\{closure}(Object(Illuminate\\Http\\Request))
#28 C:\\Users\\Administrator\\Desktop\\working filles\\teptix_banner_changes\\vendor\\laravel\\framework\\src\\Illuminate\\Pipeline\\Pipeline.php(167): Illuminate\\Foundation\\Http\\Middleware\\ValidatePostSize->handle(Object(Illuminate\\Http\\Request), Object(Closure))
#29 C:\\Users\\Administrator\\Desktop\\working filles\\teptix_banner_changes\\vendor\\fruitcake\\laravel-cors\\src\\HandleCors.php(52): Illuminate\\Pipeline\\Pipeline->Illuminate\\Pipeline\\{closure}(Object(Illuminate\\Http\\Request))
#30 C:\\Users\\Administrator\\Desktop\\working filles\\teptix_banner_changes\\vendor\\laravel\\framework\\src\\Illuminate\\Pipeline\\Pipeline.php(167): Fruitcake\\Cors\\HandleCors->handle(Object(Illuminate\\Http\\Request), Object(Closure))
#31 C:\\Users\\Administrator\\Desktop\\working filles\\teptix_banner_changes\\vendor\\fideloper\\proxy\\src\\TrustProxies.php(57): Illuminate\\Pipeline\\Pipeline->Illuminate\\Pipeline\\{closure}(Object(Illuminate\\Http\\Request))
#32 C:\\Users\\Administrator\\Desktop\\working filles\\teptix_banner_changes\\vendor\\laravel\\framework\\src\\Illuminate\\Pipeline\\Pipeline.php(167): Fideloper\\Proxy\\TrustProxies->handle(Object(Illuminate\\Http\\Request), Object(Closure))
#33 C:\\Users\\Administrator\\Desktop\\working filles\\teptix_banner_changes\\app\\Http\\Middleware\\LogOAuthRequests.php(19): Illuminate\\Pipeline\\Pipeline->Illuminate\\Pipeline\\{closure}(Object(Illuminate\\Http\\Request))
#34 C:\\Users\\Administrator\\Desktop\\working filles\\teptix_banner_changes\\vendor\\laravel\\framework\\src\\Illuminate\\Pipeline\\Pipeline.php(167): App\\Http\\Middleware\\LogOAuthRequests->handle(Object(Illuminate\\Http\\Request), Object(Closure))
#35 C:\\Users\\Administrator\\Desktop\\working filles\\teptix_banner_changes\\vendor\\laravel\\framework\\src\\Illuminate\\Pipeline\\Pipeline.php(103): Illuminate\\Pipeline\\Pipeline->Illuminate\\Pipeline\\{closure}(Object(Illuminate\\Http\\Request))
#36 C:\\Users\\Administrator\\Desktop\\working filles\\teptix_banner_changes\\vendor\\laravel\\framework\\src\\Illuminate\\Foundation\\Http\\Kernel.php(142): Illuminate\\Pipeline\\Pipeline->then(Object(Closure))
#37 C:\\Users\\Administrator\\Desktop\\working filles\\teptix_banner_changes\\vendor\\laravel\\framework\\src\\Illuminate\\Foundation\\Http\\Kernel.php(111): Illuminate\\Foundation\\Http\\Kernel->sendRequestThroughRouter(Object(Illuminate\\Http\\Request))
#38 C:\\Users\\Administrator\\.gemini\\antigravity-cli\\brain\\7ba150aa-adfb-48e9-8d43-8aa60044c2cf\\scratch\\test_invalid_token.php(15): Illuminate\\Foundation\\Http\\Kernel->handle(Object(Illuminate\\Http\\Request))
#39 {main}
"} 
[2026-08-26 12:39:14] production.ERROR: Call to a member function make() on bool {"exception":"[object] (Error(code: 0): Call to a member function make() on bool at C:\\Users\\Administrator\\.gemini\\antigravity-cli\\brain\\7ba150aa-adfb-48e9-8d43-8aa60044c2cf\\scratch\\test_date_filter.php:4)
[stacktrace]
#0 C:\\Users\\Administrator\\.gemini\\antigravity-cli\\brain\\7ba150aa-adfb-48e9-8d43-8aa60044c2cf\\scratch\\test_today_tomorrow.php(53): require_once()
#1 {main}
"} 
[2026-08-26 12:58:44] production.ERROR: PHP Parse error: Syntax error, unexpected T_NS_SEPARATOR, expecting ')' on line 1 {"exception":"[object] (Psy\\Exception\\ParseErrorException(code: 0): PHP Parse error: Syntax error, unexpected T_NS_SEPARATOR, expecting ')' on line 1 at C:\\Users\\Administrator\\Desktop\\working filles\\teptix_banner_changes\\vendor\\psy\\psysh\\src\\Exception\\ParseErrorException.php:44)
[stacktrace]
#0 C:\\Users\\Administrator\\Desktop\\working filles\\teptix_banner_changes\\vendor\\psy\\psysh\\src\\CodeCleaner.php(306): Psy\\Exception\\ParseErrorException::fromParseError(Object(PhpParser\\Error))
#1 C:\\Users\\Administrator\\Desktop\\working filles\\teptix_banner_changes\\vendor\\psy\\psysh\\src\\CodeCleaner.php(240): Psy\\CodeCleaner->parse('<?php try { DB:...', false)
#2 C:\\Users\\Administrator\\Desktop\\working filles\\teptix_banner_changes\\vendor\\psy\\psysh\\src\\Shell.php(852): Psy\\CodeCleaner->clean(Array, false)
#3 C:\\Users\\Administrator\\Desktop\\working filles\\teptix_banner_changes\\vendor\\psy\\psysh\\src\\Shell.php(881): Psy\\Shell->addCode('try { DB::conne...', true)
#4 C:\\Users\\Administrator\\Desktop\\working filles\\teptix_banner_changes\\vendor\\psy\\psysh\\src\\Shell.php(1390): Psy\\Shell->setCode('try { DB::conne...', true)
#5 C:\\Users\\Administrator\\Desktop\\working filles\\teptix_banner_changes\\vendor\\laravel\\tinker\\src\\Console\\TinkerCommand.php(76): Psy\\Shell->execute('try { DB::conne...')
#6 C:\\Users\\Administrator\\Desktop\\working filles\\teptix_banner_changes\\vendor\\laravel\\framework\\src\\Illuminate\\Container\\BoundMethod.php(36): Laravel\\Tinker\\Console\\TinkerCommand->handle()
#7 C:\\Users\\Administrator\\Desktop\\working filles\\teptix_banner_changes\\vendor\\laravel\\framework\\src\\Illuminate\\Container\\Util.php(40): Illuminate\\Container\\BoundMethod::Illuminate\\Container\\{closure}()
#8 C:\\Users\\Administrator\\Desktop\\working filles\\teptix_banner_changes\\vendor\\laravel\\framework\\src\\Illuminate\\Container\\BoundMethod.php(93): Illuminate\\Container\\Util::unwrapIfClosure(Object(Closure))
#9 C:\\Users\\Administrator\\Desktop\\working filles\\teptix_banner_changes\\vendor\\laravel\\framework\\src\\Illuminate\\Container\\BoundMethod.php(35): Illuminate\\Container\\BoundMethod::callBoundMethod(Object(Illuminate\\Foundation\\Application), Array, Object(Closure))
#10 C:\\Users\\Administrator\\Desktop\\working filles\\teptix_banner_changes\\vendor\\laravel\\framework\\src\\Illuminate\\Container\\Container.php(653): Illuminate\\Container\\BoundMethod::call(Object(Illuminate\\Foundation\\Application), Array, Array, NULL)
#11 C:\\Users\\Administrator\\Desktop\\working filles\\teptix_banner_changes\\vendor\\laravel\\framework\\src\\Illuminate\\Console\\Command.php(136): Illuminate\\Container\\Container->call(Array)
#12 C:\\Users\\Administrator\\Desktop\\working filles\\teptix_banner_changes\\vendor\\symfony\\console\\Command\\Command.php(298): Illuminate\\Console\\Command->execute(Object(Symfony\\Component\\Console\\Input\\ArgvInput), Object(Illuminate\\Console\\OutputStyle))
#13 C:\\Users\\Administrator\\Desktop\\working filles\\teptix_banner_changes\\vendor\\laravel\\framework\\src\\Illuminate\\Console\\Command.php(120): Symfony\\Component\\Console\\Command\\Command->run(Object(Symfony\\Component\\Console\\Input\\ArgvInput), Object(Illuminate\\Console\\OutputStyle))
#14 C:\\Users\\Administrator\\Desktop\\working filles\\teptix_banner_changes\\vendor\\symfony\\console\\Application.php(1040): Illuminate\\Console\\Command->run(Object(Symfony\\Component\\Console\\Input\\ArgvInput), Object(Symfony\\Component\\Console\\Output\\ConsoleOutput))
#15 C:\\Users\\Administrator\\Desktop\\working filles\\teptix_banner_changes\\vendor\\symfony\\console\\Application.php(301): Symfony\\Component\\Console\\Application->doRunCommand(Object(Laravel\\Tinker\\Console\\TinkerCommand), Object(Symfony\\Component\\Console\\Input\\ArgvInput), Object(Symfony\\Component\\Console\\Output\\ConsoleOutput))
#16 C:\\Users\\Administrator\\Desktop\\working filles\\teptix_banner_changes\\vendor\\symfony\\console\\Application.php(171): Symfony\\Component\\Console\\Application->doRun(Object(Symfony\\Component\\Console\\Input\\ArgvInput), Object(Symfony\\Component\\Console\\Output\\ConsoleOutput))
#17 C:\\Users\\Administrator\\Desktop\\working filles\\teptix_banner_changes\\vendor\\laravel\\framework\\src\\Illuminate\\Console\\Application.php(94): Symfony\\Component\\Console\\Application->run(Object(Symfony\\Component\\Console\\Input\\ArgvInput), Object(Symfony\\Component\\Console\\Output\\ConsoleOutput))
#18 C:\\Users\\Administrator\\Desktop\\working filles\\teptix_banner_changes\\vendor\\laravel\\framework\\src\\Illuminate\\Foundation\\Console\\Kernel.php(129): Illuminate\\Console\\Application->run(Object(Symfony\\Component\\Console\\Input\\ArgvInput), Object(Symfony\\Component\\Console\\Output\\ConsoleOutput))
#19 C:\\Users\\Administrator\\Desktop\\working filles\\teptix_banner_changes\\artisan(35): Illuminate\\Foundation\\Console\\Kernel->handle(Object(Symfony\\Component\\Console\\Input\\ArgvInput), Object(Symfony\\Component\\Console\\Output\\ConsoleOutput))
#20 {main}
"} 
[2026-08-27 11:30:25] production.ERROR: SQLSTATE[HY000] [1045] Access denied for user 'teptixusr'@'localhost' (using password: YES) (SQL: select * from `general_settng` limit 1) {"exception":"[object] (Illuminate\\Database\\QueryException(code: 1045): SQLSTATE[HY000] [1045] Access denied for user 'teptixusr'@'localhost' (using password: YES) (SQL: select * from `general_settng` limit 1) at C:\\Users\\Administrator\\Desktop\\working filles\\teptix_banner_changes\\vendor\\laravel\\framework\\src\\Illuminate\\Database\\Connection.php:712)
[stacktrace]
#0 C:\\Users\\Administrator\\Desktop\\working filles\\teptix_banner_changes\\vendor\\laravel\\framework\\src\\Illuminate\\Database\\Connection.php(672): Illuminate\\Database\\Connection->runQueryCallback('select * from `...', Array, Object(Closure))
#1 C:\\Users\\Administrator\\Desktop\\working filles\\teptix_banner_changes\\vendor\\laravel\\framework\\src\\Illuminate\\Database\\Connection.php(359): Illuminate\\Database\\Connection->run('select * from `...', Array, Object(Closure))
#2 C:\\Users\\Administrator\\Desktop\\working filles\\teptix_banner_changes\\vendor\\laravel\\framework\\src\\Illuminate\\Database\\Query\\Builder.php(2413): Illuminate\\Database\\Connection->select('select * from `...', Array, true)
#3 C:\\Users\\Administrator\\Desktop\\working filles\\teptix_banner_changes\\vendor\\laravel\\framework\\src\\Illuminate\\Database\\Query\\Builder.php(2402): Illuminate\\Database\\Query\\Builder->runSelect()
#4 C:\\Users\\Administrator\\Desktop\\working filles\\teptix_banner_changes\\vendor\\laravel\\framework\\src\\Illuminate\\Database\\Query\\Builder.php(2936): Illuminate\\Database\\Query\\Builder->Illuminate\\Database\\Query\\{closure}()
#5 C:\\Users\\Administrator\\Desktop\\working filles\\teptix_banner_changes\\vendor\\laravel\\framework\\src\\Illuminate\\Database\\Query\\Builder.php(2401): Illuminate\\Database\\Query\\Builder->onceWithColumns(Array, Object(Closure))
#6 C:\\Users\\Administrator\\Desktop\\working filles\\teptix_banner_changes\\vendor\\laravel\\framework\\src\\Illuminate\\Database\\Eloquent\\Builder.php(625): Illuminate\\Database\\Query\\Builder->get(Array)
#7 C:\\Users\\Administrator\\Desktop\\working filles\\teptix_banner_changes\\vendor\\laravel\\framework\\src\\Illuminate\\Database\\Eloquent\\Builder.php(609): Illuminate\\Database\\Eloquent\\Builder->getModels(Array)
#8 C:\\Users\\Administrator\\Desktop\\working filles\\teptix_banner_changes\\vendor\\laravel\\framework\\src\\Illuminate\\Database\\Concerns\\BuildsQueries.php(294): Illuminate\\Database\\Eloquent\\Builder->get(Array)
#9 C:\\Users\\Administrator\\Desktop\\working filles\\teptix_banner_changes\\vendor\\laravel\\framework\\src\\Illuminate\\Support\\Traits\\ForwardsCalls.php(23): Illuminate\\Database\\Eloquent\\Builder->first()
#10 C:\\Users\\Administrator\\Desktop\\working filles\\teptix_banner_changes\\vendor\\laravel\\framework\\src\\Illuminate\\Database\\Eloquent\\Model.php(2132): Illuminate\\Database\\Eloquent\\Model->forwardCallTo(Object(Illuminate\\Database\\Eloquent\\Builder), 'first', Array)
#11 C:\\Users\\Administrator\\Desktop\\working filles\\teptix_banner_changes\\vendor\\laravel\\framework\\src\\Illuminate\\Database\\Eloquent\\Model.php(2144): Illuminate\\Database\\Eloquent\\Model->__call('first', Array)
#12 C:\\Users\\Administrator\\Desktop\\working filles\\teptix_banner_changes\\app\\Http\\Controllers\\AppHelper.php(122): Illuminate\\Database\\Eloquent\\Model::__callStatic('first', Array)
#13 C:\\Users\\Administrator\\Desktop\\working filles\\teptix_banner_changes\\app\\Http\\Controllers\\FrontendController.php(93): App\\Http\\Controllers\\AppHelper->mailConfig()
#14 [internal function]: App\\Http\\Controllers\\FrontendController->__construct(Object(App\\Services\\CheckoutServices))
#15 C:\\Users\\Administrator\\Desktop\\working filles\\teptix_banner_changes\\vendor\\laravel\\framework\\src\\Illuminate\\Container\\Container.php(917): ReflectionClass->newInstanceArgs(Array)
#16 C:\\Users\\Administrator\\Desktop\\working filles\\teptix_banner_changes\\vendor\\laravel\\framework\\src\\Illuminate\\Container\\Container.php(758): Illuminate\\Container\\Container->build('App\\\\Http\\\\Contro...')
#17 C:\\Users\\Administrator\\Desktop\\working filles\\teptix_banner_changes\\vendor\\laravel\\framework\\src\\Illuminate\\Foundation\\Application.php(853): Illuminate\\Container\\Container->resolve('App\\\\Http\\\\Contro...', Array, true)
#18 C:\\Users\\Administrator\\Desktop\\working filles\\teptix_banner_changes\\vendor\\laravel\\framework\\src\\Illuminate\\Container\\Container.php(694): Illuminate\\Foundation\\Application->resolve('App\\\\Http\\\\Contro...', Array)
#19 C:\\Users\\Administrator\\Desktop\\working filles\\teptix_banner_changes\\vendor\\laravel\\framework\\src\\Illuminate\\Foundation\\Application.php(838): Illuminate\\Container\\Container->make('App\\\\Http\\\\Contro...', Array)
#20 C:\\Users\\Administrator\\Desktop\\working filles\\teptix_banner_changes\\vendor\\laravel\\framework\\src\\Illuminate\\Routing\\Route.php(276): Illuminate\\Foundation\\Application->make('App\\\\Http\\\\Contro...')
#21 C:\\Users\\Administrator\\Desktop\\working filles\\teptix_banner_changes\\vendor\\laravel\\framework\\src\\Illuminate\\Routing\\Route.php(1080): Illuminate\\Routing\\Route->getController()
#22 C:\\Users\\Administrator\\Desktop\\working filles\\teptix_banner_changes\\vendor\\laravel\\framework\\src\\Illuminate\\Routing\\Route.php(1023): Illuminate\\Routing\\Route->controllerMiddleware()
#23 C:\\Users\\Administrator\\Desktop\\working filles\\teptix_banner_changes\\vendor\\laravel\\framework\\src\\Illuminate\\Routing\\Router.php(734): Illuminate\\Routing\\Route->gatherMiddleware()
#24 C:\\Users\\Administrator\\Desktop\\working filles\\teptix_banner_changes\\vendor\\laravel\\framework\\src\\Illuminate\\Routing\\Router.php(714): Illuminate\\Routing\\Router->gatherRouteMiddleware(Object(Illuminate\\Routing\\Route))
#25 C:\\Users\\Administrator\\Desktop\\working filles\\teptix_banner_changes\\vendor\\laravel\\framework\\src\\Illuminate\\Routing\\Router.php(698): Illuminate\\Routing\\Router->runRouteWithinStack(Object(Illuminate\\Routing\\Route), Object(Illuminate\\Http\\Request))
#26 C:\\Users\\Administrator\\Desktop\\working filles\\teptix_banner_changes\\vendor\\laravel\\framework\\src\\Illuminate\\Routing\\Router.php(662): Illuminate\\Routing\\Router->runRoute(Object(Illuminate\\Http\\Request), Object(Illuminate\\Routing\\Route))
#27 C:\\Users\\Administrator\\Desktop\\working filles\\teptix_banner_changes\\vendor\\laravel\\framework\\src\\Illuminate\\Routing\\Router.php(651): Illuminate\\Routing\\Router->dispatchToRoute(Object(Illuminate\\Http\\Request))
#28 C:\\Users\\Administrator\\Desktop\\working filles\\teptix_banner_changes\\vendor\\laravel\\framework\\src\\Illuminate\\Foundation\\Http\\Kernel.php(167): Illuminate\\Routing\\Router->dispatch(Object(Illuminate\\Http\\Request))
#29 C:\\Users\\Administrator\\Desktop\\working filles\\teptix_banner_changes\\vendor\\laravel\\framework\\src\\Illuminate\\Pipeline\\Pipeline.php(128): Illuminate\\Foundation\\Http\\Kernel->Illuminate\\Foundation\\Http\\{closure}(Object(Illuminate\\Http\\Request))
#30 C:\\Users\\Administrator\\Desktop\\working filles\\teptix_banner_changes\\vendor\\laravel\\framework\\src\\Illuminate\\Foundation\\Http\\Middleware\\TransformsRequest.php(21): Illuminate\\Pipeline\\Pipeline->Illuminate\\Pipeline\\{closure}(Object(Illuminate\\Http\\Request))
#31 C:\\Users\\Administrator\\Desktop\\working filles\\teptix_banner_changes\\vendor\\laravel\\framework\\src\\Illuminate\\Foundation\\Http\\Middleware\\ConvertEmptyStringsToNull.php(31): Illuminate\\Foundation\\Http\\Middleware\\TransformsRequest->handle(Object(Illuminate\\Http\\Request), Object(Closure))
#32 C:\\Users\\Administrator\\Desktop\\working filles\\teptix_banner_changes\\vendor\\laravel\\framework\\src\\Illuminate\\Pipeline\\Pipeline.php(167): Illuminate\\Foundation\\Http\\Middleware\\ConvertEmptyStringsToNull->handle(Object(Illuminate\\Http\\Request), Object(Closure))
#33 C:\\Users\\Administrator\\Desktop\\working filles\\teptix_banner_changes\\vendor\\laravel\\framework\\src\\Illuminate\\Foundation\\Http\\Middleware\\TransformsRequest.php(21): Illuminate\\Pipeline\\Pipeline->Illuminate\\Pipeline\\{closure}(Object(Illuminate\\Http\\Request))
#34 C:\\Users\\Administrator\\Desktop\\working filles\\teptix_banner_changes\\vendor\\laravel\\framework\\src\\Illuminate\\Foundation\\Http\\Middleware\\TrimStrings.php(40): Illuminate\\Foundation\\Http\\Middleware\\TransformsRequest->handle(Object(Illuminate\\Http\\Request), Object(Closure))
#35 C:\\Users\\Administrator\\Desktop\\working filles\\teptix_banner_changes\\vendor\\laravel\\framework\\src\\Illuminate\\Pipeline\\Pipeline.php(167): Illuminate\\Foundation\\Http\\Middleware\\TrimStrings->handle(Object(Illuminate\\Http\\Request), Object(Closure))
#36 C:\\Users\\Administrator\\Desktop\\working filles\\teptix_banner_changes\\vendor\\laravel\\framework\\src\\Illuminate\\Foundation\\Http\\Middleware\\ValidatePostSize.php(27): Illuminate\\Pipeline\\Pipeline->Illuminate\\Pipeline\\{closure}(Object(Illuminate\\Http\\Request))
#37 C:\\Users\\Administrator\\Desktop\\working filles\\teptix_banner_changes\\vendor\\laravel\\framework\\src\\Illuminate\\Pipeline\\Pipeline.php(167): Illuminate\\Foundation\\Http\\Middleware\\ValidatePostSize->handle(Object(Illuminate\\Http\\Request), Object(Closure))
#38 C:\\Users\\Administrator\\Desktop\\working filles\\teptix_banner_changes\\vendor\\fruitcake\\laravel-cors\\src\\HandleCors.php(38): Illuminate\\Pipeline\\Pipeline->Illuminate\\Pipeline\\{closure}(Object(Illuminate\\Http\\Request))
#39 C:\\Users\\Administrator\\Desktop\\working filles\\teptix_banner_changes\\vendor\\laravel\\framework\\src\\Illuminate\\Pipeline\\Pipeline.php(167): Fruitcake\\Cors\\HandleCors->handle(Object(Illuminate\\Http\\Request), Object(Closure))
#40 C:\\Users\\Administrator\\Desktop\\working filles\\teptix_banner_changes\\vendor\\fideloper\\proxy\\src\\TrustProxies.php(57): Illuminate\\Pipeline\\Pipeline->Illuminate\\Pipeline\\{closure}(Object(Illuminate\\Http\\Request))
#41 C:\\Users\\Administrator\\Desktop\\working filles\\teptix_banner_changes\\vendor\\laravel\\framework\\src\\Illuminate\\Pipeline\\Pipeline.php(167): Fideloper\\Proxy\\TrustProxies->handle(Object(Illuminate\\Http\\Request), Object(Closure))
#42 C:\\Users\\Administrator\\Desktop\\working filles\\teptix_banner_changes\\app\\Http\\Middleware\\LogOAuthRequests.php(19): Illuminate\\Pipeline\\Pipeline->Illuminate\\Pipeline\\{closure}(Object(Illuminate\\Http\\Request))
#43 C:\\Users\\Administrator\\Desktop\\working filles\\teptix_banner_changes\\vendor\\laravel\\framework\\src\\Illuminate\\Pipeline\\Pipeline.php(167): App\\Http\\Middleware\\LogOAuthRequests->handle(Object(Illuminate\\Http\\Request), Object(Closure))
#44 C:\\Users\\Administrator\\Desktop\\working filles\\teptix_banner_changes\\vendor\\laravel\\framework\\src\\Illuminate\\Pipeline\\Pipeline.php(103): Illuminate\\Pipeline\\Pipeline->Illuminate\\Pipeline\\{closure}(Object(Illuminate\\Http\\Request))
#45 C:\\Users\\Administrator\\Desktop\\working filles\\teptix_banner_changes\\vendor\\laravel\\framework\\src\\Illuminate\\Foundation\\Http\\Kernel.php(142): Illuminate\\Pipeline\\Pipeline->then(Object(Closure))
#46 C:\\Users\\Administrator\\Desktop\\working filles\\teptix_banner_changes\\vendor\\laravel\\framework\\src\\Illuminate\\Foundation\\Http\\Kernel.php(111): Illuminate\\Foundation\\Http\\Kernel->sendRequestThroughRouter(Object(Illuminate\\Http\\Request))
#47 C:\\Users\\Administrator\\Desktop\\working filles\\teptix_banner_changes\\public\\index.php(51): Illuminate\\Foundation\\Http\\Kernel->handle(Object(Illuminate\\Http\\Request))
#48 C:\\Users\\Administrator\\Desktop\\working filles\\teptix_banner_changes\\server.php(21): require_once('C:\\\\Users\\\\Admini...')
#49 {main}

[previous exception] [object] (PDOException(code: 1045): SQLSTATE[HY000] [1045] Access denied for user 'teptixusr'@'localhost' (using password: YES) at C:\\Users\\Administrator\\Desktop\\working filles\\teptix_banner_changes\\vendor\\laravel\\framework\\src\\Illuminate\\Database\\Connectors\\Connector.php:70)
[stacktrace]
#0 C:\\Users\\Administrator\\Desktop\\working filles\\teptix_banner_changes\\vendor\\laravel\\framework\\src\\Illuminate\\Database\\Connectors\\Connector.php(70): PDO->__construct('mysql:host=127....', 'teptixusr', Object(SensitiveParameterValue), Array)
#1 C:\\Users\\Administrator\\Desktop\\working filles\\teptix_banner_changes\\vendor\\laravel\\framework\\src\\Illuminate\\Database\\Connectors\\Connector.php(45): Illuminate\\Database\\Connectors\\Connector->createPdoConnection('mysql:host=127....', 'teptixusr', 'aRlOCewXRVB6EJS...', Array)
#2 C:\\Users\\Administrator\\Desktop\\working filles\\teptix_banner_changes\\vendor\\laravel\\framework\\src\\Illuminate\\Database\\Connectors\\MySqlConnector.php(24): Illuminate\\Database\\Connectors\\Connector->createConnection('mysql:host=127....', Array, Array)
#3 C:\\Users\\Administrator\\Desktop\\working filles\\teptix_banner_changes\\vendor\\laravel\\framework\\src\\Illuminate\\Database\\Connectors\\ConnectionFactory.php(184): Illuminate\\Database\\Connectors\\MySqlConnector->connect(Array)
#4 [internal function]: Illuminate\\Database\\Connectors\\ConnectionFactory->Illuminate\\Database\\Connectors\\{closure}()
#5 C:\\Users\\Administrator\\Desktop\\working filles\\teptix_banner_changes\\vendor\\laravel\\framework\\src\\Illuminate\\Database\\Connection.php(1064): call_user_func(Object(Closure))
#6 C:\\Users\\Administrator\\Desktop\\working filles\\teptix_banner_changes\\vendor\\laravel\\framework\\src\\Illuminate\\Database\\Connection.php(1100): Illuminate\\Database\\Connection->getPdo()
#7 C:\\Users\\Administrator\\Desktop\\working filles\\teptix_banner_changes\\vendor\\laravel\\framework\\src\\Illuminate\\Database\\Connection.php(442): Illuminate\\Database\\Connection->getReadPdo()
#8 C:\\Users\\Administrator\\Desktop\\working filles\\teptix_banner_changes\\vendor\\laravel\\framework\\src\\Illuminate\\Database\\Connection.php(368): Illuminate\\Database\\Connection->getPdoForSelect(true)
#9 C:\\Users\\Administrator\\Desktop\\working filles\\teptix_banner_changes\\vendor\\laravel\\framework\\src\\Illuminate\\Database\\Connection.php(705): Illuminate\\Database\\Connection->Illuminate\\Database\\{closure}('select * from `...', Array)
#10 C:\\Users\\Administrator\\Desktop\\working filles\\teptix_banner_changes\\vendor\\laravel\\framework\\src\\Illuminate\\Database\\Connection.php(672): Illuminate\\Database\\Connection->runQueryCallback('select * from `...', Array, Object(Closure))
#11 C:\\Users\\Administrator\\Desktop\\working filles\\teptix_banner_changes\\vendor\\laravel\\framework\\src\\Illuminate\\Database\\Connection.php(359): Illuminate\\Database\\Connection->run('select * from `...', Array, Object(Closure))
#12 C:\\Users\\Administrator\\Desktop\\working filles\\teptix_banner_changes\\vendor\\laravel\\framework\\src\\Illuminate\\Database\\Query\\Builder.php(2413): Illuminate\\Database\\Connection->select('select * from `...', Array, true)
#13 C:\\Users\\Administrator\\Desktop\\working filles\\teptix_banner_changes\\vendor\\laravel\\framework\\src\\Illuminate\\Database\\Query\\Builder.php(2402): Illuminate\\Database\\Query\\Builder->runSelect()
#14 C:\\Users\\Administrator\\Desktop\\working filles\\teptix_banner_changes\\vendor\\laravel\\framework\\src\\Illuminate\\Database\\Query\\Builder.php(2936): Illuminate\\Database\\Query\\Builder->Illuminate\\Database\\Query\\{closure}()
#15 C:\\Users\\Administrator\\Desktop\\working filles\\teptix_banner_changes\\vendor\\laravel\\framework\\src\\Illuminate\\Database\\Query\\Builder.php(2401): Illuminate\\Database\\Query\\Builder->onceWithColumns(Array, Object(Closure))
#16 C:\\Users\\Administrator\\Desktop\\working filles\\teptix_banner_changes\\vendor\\laravel\\framework\\src\\Illuminate\\Database\\Eloquent\\Builder.php(625): Illuminate\\Database\\Query\\Builder->get(Array)
#17 C:\\Users\\Administrator\\Desktop\\working filles\\teptix_banner_changes\\vendor\\laravel\\framework\\src\\Illuminate\\Database\\Eloquent\\Builder.php(609): Illuminate\\Database\\Eloquent\\Builder->getModels(Array)
#18 C:\\Users\\Administrator\\Desktop\\working filles\\teptix_banner_changes\\vendor\\laravel\\framework\\src\\Illuminate\\Database\\Concerns\\BuildsQueries.php(294): Illuminate\\Database\\Eloquent\\Builder->get(Array)
#19 C:\\Users\\Administrator\\Desktop\\working filles\\teptix_banner_changes\\vendor\\laravel\\framework\\src\\Illuminate\\Support\\Traits\\ForwardsCalls.php(23): Illuminate\\Database\\Eloquent\\Builder->first()
#20 C:\\Users\\Administrator\\Desktop\\working filles\\teptix_banner_changes\\vendor\\laravel\\framework\\src\\Illuminate\\Database\\Eloquent\\Model.php(2132): Illuminate\\Database\\Eloquent\\Model->forwardCallTo(Object(Illuminate\\Database\\Eloquent\\Builder), 'first', Array)
#21 C:\\Users\\Administrator\\Desktop\\working filles\\teptix_banner_changes\\vendor\\laravel\\framework\\src\\Illuminate\\Database\\Eloquent\\Model.php(2144): Illuminate\\Database\\Eloquent\\Model->__call('first', Array)
#22 C:\\Users\\Administrator\\Desktop\\working filles\\teptix_banner_changes\\app\\Http\\Controllers\\AppHelper.php(122): Illuminate\\Database\\Eloquent\\Model::__callStatic('first', Array)
#23 C:\\Users\\Administrator\\Desktop\\working filles\\teptix_banner_changes\\app\\Http\\Controllers\\FrontendController.php(93): App\\Http\\Controllers\\AppHelper->mailConfig()
#24 [internal function]: App\\Http\\Controllers\\FrontendController->__construct(Object(App\\Services\\CheckoutServices))
#25 C:\\Users\\Administrator\\Desktop\\working filles\\teptix_banner_changes\\vendor\\laravel\\framework\\src\\Illuminate\\Container\\Container.php(917): ReflectionClass->newInstanceArgs(Array)
#26 C:\\Users\\Administrator\\Desktop\\working filles\\teptix_banner_changes\\vendor\\laravel\\framework\\src\\Illuminate\\Container\\Container.php(758): Illuminate\\Container\\Container->build('App\\\\Http\\\\Contro...')
#27 C:\\Users\\Administrator\\Desktop\\working filles\\teptix_banner_changes\\vendor\\laravel\\framework\\src\\Illuminate\\Foundation\\Application.php(853): Illuminate\\Container\\Container->resolve('App\\\\Http\\\\Contro...', Array, true)
#28 C:\\Users\\Administrator\\Desktop\\working filles\\teptix_banner_changes\\vendor\\laravel\\framework\\src\\Illuminate\\Container\\Container.php(694): Illuminate\\Foundation\\Application->resolve('App\\\\Http\\\\Contro...', Array)
#29 C:\\Users\\Administrator\\Desktop\\working filles\\teptix_banner_changes\\vendor\\laravel\\framework\\src\\Illuminate\\Foundation\\Application.php(838): Illuminate\\Container\\Container->make('App\\\\Http\\\\Contro...', Array)
#30 C:\\Users\\Administrator\\Desktop\\working filles\\teptix_banner_changes\\vendor\\laravel\\framework\\src\\Illuminate\\Routing\\Route.php(276): Illuminate\\Foundation\\Application->make('App\\\\Http\\\\Contro...')
#31 C:\\Users\\Administrator\\Desktop\\working filles\\teptix_banner_changes\\vendor\\laravel\\framework\\src\\Illuminate\\Routing\\Route.php(1080): Illuminate\\Routing\\Route->getController()
#32 C:\\Users\\Administrator\\Desktop\\working filles\\teptix_banner_changes\\vendor\\laravel\\framework\\src\\Illuminate\\Routing\\Route.php(1023): Illuminate\\Routing\\Route->controllerMiddleware()
#33 C:\\Users\\Administrator\\Desktop\\working filles\\teptix_banner_changes\\vendor\\laravel\\framework\\src\\Illuminate\\Routing\\Router.php(734): Illuminate\\Routing\\Route->gatherMiddleware()
#34 C:\\Users\\Administrator\\Desktop\\working filles\\teptix_banner_changes\\vendor\\laravel\\framework\\src\\Illuminate\\Routing\\Router.php(714): Illuminate\\Routing\\Router->gatherRouteMiddleware(Object(Illuminate\\Routing\\Route))
#35 C:\\Users\\Administrator\\Desktop\\working filles\\teptix_banner_changes\\vendor\\laravel\\framework\\src\\Illuminate\\Routing\\Router.php(698): Illuminate\\Routing\\Router->runRouteWithinStack(Object(Illuminate\\Routing\\Route), Object(Illuminate\\Http\\Request))
#36 C:\\Users\\Administrator\\Desktop\\working filles\\teptix_banner_changes\\vendor\\laravel\\framework\\src\\Illuminate\\Routing\\Router.php(662): Illuminate\\Routing\\Router->runRoute(Object(Illuminate\\Http\\Request), Object(Illuminate\\Routing\\Route))
#37 C:\\Users\\Administrator\\Desktop\\working filles\\teptix_banner_changes\\vendor\\laravel\\framework\\src\\Illuminate\\Routing\\Router.php(651): Illuminate\\Routing\\Router->dispatchToRoute(Object(Illuminate\\Http\\Request))
#38 C:\\Users\\Administrator\\Desktop\\working filles\\teptix_banner_changes\\vendor\\laravel\\framework\\src\\Illuminate\\Foundation\\Http\\Kernel.php(167): Illuminate\\Routing\\Router->dispatch(Object(Illuminate\\Http\\Request))
#39 C:\\Users\\Administrator\\Desktop\\working filles\\teptix_banner_changes\\vendor\\laravel\\framework\\src\\Illuminate\\Pipeline\\Pipeline.php(128): Illuminate\\Foundation\\Http\\Kernel->Illuminate\\Foundation\\Http\\{closure}(Object(Illuminate\\Http\\Request))
#40 C:\\Users\\Administrator\\Desktop\\working filles\\teptix_banner_changes\\vendor\\laravel\\framework\\src\\Illuminate\\Foundation\\Http\\Middleware\\TransformsRequest.php(21): Illuminate\\Pipeline\\Pipeline->Illuminate\\Pipeline\\{closure}(Object(Illuminate\\Http\\Request))
#41 C:\\Users\\Administrator\\Desktop\\working filles\\teptix_banner_changes\\vendor\\laravel\\framework\\src\\Illuminate\\Foundation\\Http\\Middleware\\ConvertEmptyStringsToNull.php(31): Illuminate\\Foundation\\Http\\Middleware\\TransformsRequest->handle(Object(Illuminate\\Http\\Request), Object(Closure))
#42 C:\\Users\\Administrator\\Desktop\\working filles\\teptix_banner_changes\\vendor\\laravel\\framework\\src\\Illuminate\\Pipeline\\Pipeline.php(167): Illuminate\\Foundation\\Http\\Middleware\\ConvertEmptyStringsToNull->handle(Object(Illuminate\\Http\\Request), Object(Closure))
#43 C:\\Users\\Administrator\\Desktop\\working filles\\teptix_banner_changes\\vendor\\laravel\\framework\\src\\Illuminate\\Foundation\\Http\\Middleware\\TransformsRequest.php(21): Illuminate\\Pipeline\\Pipeline->Illuminate\\Pipeline\\{closure}(Object(Illuminate\\Http\\Request))
#44 C:\\Users\\Administrator\\Desktop\\working filles\\teptix_banner_changes\\vendor\\laravel\\framework\\src\\Illuminate\\Foundation\\Http\\Middleware\\TrimStrings.php(40): Illuminate\\Foundation\\Http\\Middleware\\TransformsRequest->handle(Object(Illuminate\\Http\\Request), Object(Closure))
#45 C:\\Users\\Administrator\\Desktop\\working filles\\teptix_banner_changes\\vendor\\laravel\\framework\\src\\Illuminate\\Pipeline\\Pipeline.php(167): Illuminate\\Foundation\\Http\\Middleware\\TrimStrings->handle(Object(Illuminate\\Http\\Request), Object(Closure))
#46 C:\\Users\\Administrator\\Desktop\\working filles\\teptix_banner_changes\\vendor\\laravel\\framework\\src\\Illuminate\\Foundation\\Http\\Middleware\\ValidatePostSize.php(27): Illuminate\\Pipeline\\Pipeline->Illuminate\\Pipeline\\{closure}(Object(Illuminate\\Http\\Request))
#47 C:\\Users\\Administrator\\Desktop\\working filles\\teptix_banner_changes\\vendor\\laravel\\framework\\src\\Illuminate\\Pipeline\\Pipeline.php(167): Illuminate\\Foundation\\Http\\Middleware\\ValidatePostSize->handle(Object(Illuminate\\Http\\Request), Object(Closure))
#48 C:\\Users\\Administrator\\Desktop\\working filles\\teptix_banner_changes\\vendor\\fruitcake\\laravel-cors\\src\\HandleCors.php(38): Illuminate\\Pipeline\\Pipeline->Illuminate\\Pipeline\\{closure}(Object(Illuminate\\Http\\Request))
#49 C:\\Users\\Administrator\\Desktop\\working filles\\teptix_banner_changes\\vendor\\laravel\\framework\\src\\Illuminate\\Pipeline\\Pipeline.php(167): Fruitcake\\Cors\\HandleCors->handle(Object(Illuminate\\Http\\Request), Object(Closure))
#50 C:\\Users\\Administrator\\Desktop\\working filles\\teptix_banner_changes\\vendor\\fideloper\\proxy\\src\\TrustProxies.php(57): Illuminate\\Pipeline\\Pipeline->Illuminate\\Pipeline\\{closure}(Object(Illuminate\\Http\\Request))
#51 C:\\Users\\Administrator\\Desktop\\working filles\\teptix_banner_changes\\vendor\\laravel\\framework\\src\\Illuminate\\Pipeline\\Pipeline.php(167): Fideloper\\Proxy\\TrustProxies->handle(Object(Illuminate\\Http\\Request), Object(Closure))
#52 C:\\Users\\Administrator\\Desktop\\working filles\\teptix_banner_changes\\app\\Http\\Middleware\\LogOAuthRequests.php(19): Illuminate\\Pipeline\\Pipeline->Illuminate\\Pipeline\\{closure}(Object(Illuminate\\Http\\Request))
#53 C:\\Users\\Administrator\\Desktop\\working filles\\teptix_banner_changes\\vendor\\laravel\\framework\\src\\Illuminate\\Pipeline\\Pipeline.php(167): App\\Http\\Middleware\\LogOAuthRequests->handle(Object(Illuminate\\Http\\Request), Object(Closure))
#54 C:\\Users\\Administrator\\Desktop\\working filles\\teptix_banner_changes\\vendor\\laravel\\framework\\src\\Illuminate\\Pipeline\\Pipeline.php(103): Illuminate\\Pipeline\\Pipeline->Illuminate\\Pipeline\\{closure}(Object(Illuminate\\Http\\Request))
#55 C:\\Users\\Administrator\\Desktop\\working filles\\teptix_banner_changes\\vendor\\laravel\\framework\\src\\Illuminate\\Foundation\\Http\\Kernel.php(142): Illuminate\\Pipeline\\Pipeline->then(Object(Closure))
#56 C:\\Users\\Administrator\\Desktop\\working filles\\teptix_banner_changes\\vendor\\laravel\\framework\\src\\Illuminate\\Foundation\\Http\\Kernel.php(111): Illuminate\\Foundation\\Http\\Kernel->sendRequestThroughRouter(Object(Illuminate\\Http\\Request))
#57 C:\\Users\\Administrator\\Desktop\\working filles\\teptix_banner_changes\\public\\index.php(51): Illuminate\\Foundation\\Http\\Kernel->handle(Object(Illuminate\\Http\\Request))
#58 C:\\Users\\Administrator\\Desktop\\working filles\\teptix_banner_changes\\server.php(21): require_once('C:\\\\Users\\\\Admini...')
#59 {main}
"} 
[2026-08-27 12:28:07] production.ERROR: SQLSTATE[HY000] [1045] Access denied for user 'teptixusr'@'localhost' (using password: YES) (SQL: select * from `general_settng` limit 1) {"exception":"[object] (Illuminate\\Database\\QueryException(code: 1045): SQLSTATE[HY000] [1045] Access denied for user 'teptixusr'@'localhost' (using password: YES) (SQL: select * from `general_settng` limit 1) at C:\\Users\\Administrator\\Desktop\\working filles\\teptix_banner_changes\\vendor\\laravel\\framework\\src\\Illuminate\\Database\\Connection.php:712)
[stacktrace]
#0 C:\\Users\\Administrator\\Desktop\\working filles\\teptix_banner_changes\\vendor\\laravel\\framework\\src\\Illuminate\\Database\\Connection.php(672): Illuminate\\Database\\Connection->runQueryCallback('select * from `...', Array, Object(Closure))
#1 C:\\Users\\Administrator\\Desktop\\working filles\\teptix_banner_changes\\vendor\\laravel\\framework\\src\\Illuminate\\Database\\Connection.php(359): Illuminate\\Database\\Connection->run('select * from `...', Array, Object(Closure))
#2 C:\\Users\\Administrator\\Desktop\\working filles\\teptix_banner_changes\\vendor\\laravel\\framework\\src\\Illuminate\\Database\\Query\\Builder.php(2413): Illuminate\\Database\\Connection->select('select * from `...', Array, true)
#3 C:\\Users\\Administrator\\Desktop\\working filles\\teptix_banner_changes\\vendor\\laravel\\framework\\src\\Illuminate\\Database\\Query\\Builder.php(2402): Illuminate\\Database\\Query\\Builder->runSelect()
#4 C:\\Users\\Administrator\\Desktop\\working filles\\teptix_banner_changes\\vendor\\laravel\\framework\\src\\Illuminate\\Database\\Query\\Builder.php(2936): Illuminate\\Database\\Query\\Builder->Illuminate\\Database\\Query\\{closure}()
#5 C:\\Users\\Administrator\\Desktop\\working filles\\teptix_banner_changes\\vendor\\laravel\\framework\\src\\Illuminate\\Database\\Query\\Builder.php(2401): Illuminate\\Database\\Query\\Builder->onceWithColumns(Array, Object(Closure))
#6 C:\\Users\\Administrator\\Desktop\\working filles\\teptix_banner_changes\\vendor\\laravel\\framework\\src\\Illuminate\\Database\\Eloquent\\Builder.php(625): Illuminate\\Database\\Query\\Builder->get(Array)
#7 C:\\Users\\Administrator\\Desktop\\working filles\\teptix_banner_changes\\vendor\\laravel\\framework\\src\\Illuminate\\Database\\Eloquent\\Builder.php(609): Illuminate\\Database\\Eloquent\\Builder->getModels(Array)
#8 C:\\Users\\Administrator\\Desktop\\working filles\\teptix_banner_changes\\vendor\\laravel\\framework\\src\\Illuminate\\Database\\Concerns\\BuildsQueries.php(294): Illuminate\\Database\\Eloquent\\Builder->get(Array)
#9 C:\\Users\\Administrator\\Desktop\\working filles\\teptix_banner_changes\\vendor\\laravel\\framework\\src\\Illuminate\\Support\\Traits\\ForwardsCalls.php(23): Illuminate\\Database\\Eloquent\\Builder->first()
#10 C:\\Users\\Administrator\\Desktop\\working filles\\teptix_banner_changes\\vendor\\laravel\\framework\\src\\Illuminate\\Database\\Eloquent\\Model.php(2132): Illuminate\\Database\\Eloquent\\Model->forwardCallTo(Object(Illuminate\\Database\\Eloquent\\Builder), 'first', Array)
#11 C:\\Users\\Administrator\\Desktop\\working filles\\teptix_banner_changes\\vendor\\laravel\\framework\\src\\Illuminate\\Database\\Eloquent\\Model.php(2144): Illuminate\\Database\\Eloquent\\Model->__call('first', Array)
#12 C:\\Users\\Administrator\\Desktop\\working filles\\teptix_banner_changes\\app\\Http\\Controllers\\AppHelper.php(122): Illuminate\\Database\\Eloquent\\Model::__callStatic('first', Array)
#13 C:\\Users\\Administrator\\Desktop\\working filles\\teptix_banner_changes\\app\\Http\\Controllers\\FrontendController.php(93): App\\Http\\Controllers\\AppHelper->mailConfig()
#14 [internal function]: App\\Http\\Controllers\\FrontendController->__construct(Object(App\\Services\\CheckoutServices))
#15 C:\\Users\\Administrator\\Desktop\\working filles\\teptix_banner_changes\\vendor\\laravel\\framework\\src\\Illuminate\\Container\\Container.php(917): ReflectionClass->newInstanceArgs(Array)
#16 C:\\Users\\Administrator\\Desktop\\working filles\\teptix_banner_changes\\vendor\\laravel\\framework\\src\\Illuminate\\Container\\Container.php(758): Illuminate\\Container\\Container->build('App\\\\Http\\\\Contro...')
#17 C:\\Users\\Administrator\\Desktop\\working filles\\teptix_banner_changes\\vendor\\laravel\\framework\\src\\Illuminate\\Foundation\\Application.php(853): Illuminate\\Container\\Container->resolve('App\\\\Http\\\\Contro...', Array, true)
#18 C:\\Users\\Administrator\\Desktop\\working filles\\teptix_banner_changes\\vendor\\laravel\\framework\\src\\Illuminate\\Container\\Container.php(694): Illuminate\\Foundation\\Application->resolve('App\\\\Http\\\\Contro...', Array)
#19 C:\\Users\\Administrator\\Desktop\\working filles\\teptix_banner_changes\\vendor\\laravel\\framework\\src\\Illuminate\\Foundation\\Application.php(838): Illuminate\\Container\\Container->make('App\\\\Http\\\\Contro...', Array)
#20 C:\\Users\\Administrator\\Desktop\\working filles\\teptix_banner_changes\\vendor\\laravel\\framework\\src\\Illuminate\\Routing\\Route.php(276): Illuminate\\Foundation\\Application->make('App\\\\Http\\\\Contro...')
#21 C:\\Users\\Administrator\\Desktop\\working filles\\teptix_banner_changes\\vendor\\laravel\\framework\\src\\Illuminate\\Routing\\Route.php(1080): Illuminate\\Routing\\Route->getController()
#22 C:\\Users\\Administrator\\Desktop\\working filles\\teptix_banner_changes\\vendor\\laravel\\framework\\src\\Illuminate\\Routing\\Route.php(1023): Illuminate\\Routing\\Route->controllerMiddleware()
#23 C:\\Users\\Administrator\\Desktop\\working filles\\teptix_banner_changes\\vendor\\laravel\\framework\\src\\Illuminate\\Routing\\Router.php(734): Illuminate\\Routing\\Route->gatherMiddleware()
#24 C:\\Users\\Administrator\\Desktop\\working filles\\teptix_banner_changes\\vendor\\laravel\\framework\\src\\Illuminate\\Routing\\Router.php(714): Illuminate\\Routing\\Router->gatherRouteMiddleware(Object(Illuminate\\Routing\\Route))
#25 C:\\Users\\Administrator\\Desktop\\working filles\\teptix_banner_changes\\vendor\\laravel\\framework\\src\\Illuminate\\Routing\\Router.php(698): Illuminate\\Routing\\Router->runRouteWithinStack(Object(Illuminate\\Routing\\Route), Object(Illuminate\\Http\\Request))
#26 C:\\Users\\Administrator\\Desktop\\working filles\\teptix_banner_changes\\vendor\\laravel\\framework\\src\\Illuminate\\Routing\\Router.php(662): Illuminate\\Routing\\Router->runRoute(Object(Illuminate\\Http\\Request), Object(Illuminate\\Routing\\Route))
#27 C:\\Users\\Administrator\\Desktop\\working filles\\teptix_banner_changes\\vendor\\laravel\\framework\\src\\Illuminate\\Routing\\Router.php(651): Illuminate\\Routing\\Router->dispatchToRoute(Object(Illuminate\\Http\\Request))
#28 C:\\Users\\Administrator\\Desktop\\working filles\\teptix_banner_changes\\vendor\\laravel\\framework\\src\\Illuminate\\Foundation\\Http\\Kernel.php(167): Illuminate\\Routing\\Router->dispatch(Object(Illuminate\\Http\\Request))
#29 C:\\Users\\Administrator\\Desktop\\working filles\\teptix_banner_changes\\vendor\\laravel\\framework\\src\\Illuminate\\Pipeline\\Pipeline.php(128): Illuminate\\Foundation\\Http\\Kernel->Illuminate\\Foundation\\Http\\{closure}(Object(Illuminate\\Http\\Request))
#30 C:\\Users\\Administrator\\Desktop\\working filles\\teptix_banner_changes\\vendor\\laravel\\framework\\src\\Illuminate\\Foundation\\Http\\Middleware\\TransformsRequest.php(21): Illuminate\\Pipeline\\Pipeline->Illuminate\\Pipeline\\{closure}(Object(Illuminate\\Http\\Request))
#31 C:\\Users\\Administrator\\Desktop\\working filles\\teptix_banner_changes\\vendor\\laravel\\framework\\src\\Illuminate\\Foundation\\Http\\Middleware\\ConvertEmptyStringsToNull.php(31): Illuminate\\Foundation\\Http\\Middleware\\TransformsRequest->handle(Object(Illuminate\\Http\\Request), Object(Closure))
#32 C:\\Users\\Administrator\\Desktop\\working filles\\teptix_banner_changes\\vendor\\laravel\\framework\\src\\Illuminate\\Pipeline\\Pipeline.php(167): Illuminate\\Foundation\\Http\\Middleware\\ConvertEmptyStringsToNull->handle(Object(Illuminate\\Http\\Request), Object(Closure))
#33 C:\\Users\\Administrator\\Desktop\\working filles\\teptix_banner_changes\\vendor\\laravel\\framework\\src\\Illuminate\\Foundation\\Http\\Middleware\\TransformsRequest.php(21): Illuminate\\Pipeline\\Pipeline->Illuminate\\Pipeline\\{closure}(Object(Illuminate\\Http\\Request))
#34 C:\\Users\\Administrator\\Desktop\\working filles\\teptix_banner_changes\\vendor\\laravel\\framework\\src\\Illuminate\\Foundation\\Http\\Middleware\\TrimStrings.php(40): Illuminate\\Foundation\\Http\\Middleware\\TransformsRequest->handle(Object(Illuminate\\Http\\Request), Object(Closure))
#35 C:\\Users\\Administrator\\Desktop\\working filles\\teptix_banner_changes\\vendor\\laravel\\framework\\src\\Illuminate\\Pipeline\\Pipeline.php(167): Illuminate\\Foundation\\Http\\Middleware\\TrimStrings->handle(Object(Illuminate\\Http\\Request), Object(Closure))
#36 C:\\Users\\Administrator\\Desktop\\working filles\\teptix_banner_changes\\vendor\\laravel\\framework\\src\\Illuminate\\Foundation\\Http\\Middleware\\ValidatePostSize.php(27): Illuminate\\Pipeline\\Pipeline->Illuminate\\Pipeline\\{closure}(Object(Illuminate\\Http\\Request))
#37 C:\\Users\\Administrator\\Desktop\\working filles\\teptix_banner_changes\\vendor\\laravel\\framework\\src\\Illuminate\\Pipeline\\Pipeline.php(167): Illuminate\\Foundation\\Http\\Middleware\\ValidatePostSize->handle(Object(Illuminate\\Http\\Request), Object(Closure))
#38 C:\\Users\\Administrator\\Desktop\\working filles\\teptix_banner_changes\\vendor\\fruitcake\\laravel-cors\\src\\HandleCors.php(38): Illuminate\\Pipeline\\Pipeline->Illuminate\\Pipeline\\{closure}(Object(Illuminate\\Http\\Request))
#39 C:\\Users\\Administrator\\Desktop\\working filles\\teptix_banner_changes\\vendor\\laravel\\framework\\src\\Illuminate\\Pipeline\\Pipeline.php(167): Fruitcake\\Cors\\HandleCors->handle(Object(Illuminate\\Http\\Request), Object(Closure))
#40 C:\\Users\\Administrator\\Desktop\\working filles\\teptix_banner_changes\\vendor\\fideloper\\proxy\\src\\TrustProxies.php(57): Illuminate\\Pipeline\\Pipeline->Illuminate\\Pipeline\\{closure}(Object(Illuminate\\Http\\Request))
#41 C:\\Users\\Administrator\\Desktop\\working filles\\teptix_banner_changes\\vendor\\laravel\\framework\\src\\Illuminate\\Pipeline\\Pipeline.php(167): Fideloper\\Proxy\\TrustProxies->handle(Object(Illuminate\\Http\\Request), Object(Closure))
#42 C:\\Users\\Administrator\\Desktop\\working filles\\teptix_banner_changes\\app\\Http\\Middleware\\LogOAuthRequests.php(19): Illuminate\\Pipeline\\Pipeline->Illuminate\\Pipeline\\{closure}(Object(Illuminate\\Http\\Request))
#43 C:\\Users\\Administrator\\Desktop\\working filles\\teptix_banner_changes\\vendor\\laravel\\framework\\src\\Illuminate\\Pipeline\\Pipeline.php(167): App\\Http\\Middleware\\LogOAuthRequests->handle(Object(Illuminate\\Http\\Request), Object(Closure))
#44 C:\\Users\\Administrator\\Desktop\\working filles\\teptix_banner_changes\\vendor\\laravel\\framework\\src\\Illuminate\\Pipeline\\Pipeline.php(103): Illuminate\\Pipeline\\Pipeline->Illuminate\\Pipeline\\{closure}(Object(Illuminate\\Http\\Request))
#45 C:\\Users\\Administrator\\Desktop\\working filles\\teptix_banner_changes\\vendor\\laravel\\framework\\src\\Illuminate\\Foundation\\Http\\Kernel.php(142): Illuminate\\Pipeline\\Pipeline->then(Object(Closure))
#46 C:\\Users\\Administrator\\Desktop\\working filles\\teptix_banner_changes\\vendor\\laravel\\framework\\src\\Illuminate\\Foundation\\Http\\Kernel.php(111): Illuminate\\Foundation\\Http\\Kernel->sendRequestThroughRouter(Object(Illuminate\\Http\\Request))
#47 C:\\Users\\Administrator\\Desktop\\working filles\\teptix_banner_changes\\public\\index.php(51): Illuminate\\Foundation\\Http\\Kernel->handle(Object(Illuminate\\Http\\Request))
#48 C:\\Users\\Administrator\\Desktop\\working filles\\teptix_banner_changes\\server.php(21): require_once('C:\\\\Users\\\\Admini...')
#49 {main}

[previous exception] [object] (PDOException(code: 1045): SQLSTATE[HY000] [1045] Access denied for user 'teptixusr'@'localhost' (using password: YES) at C:\\Users\\Administrator\\Desktop\\working filles\\teptix_banner_changes\\vendor\\laravel\\framework\\src\\Illuminate\\Database\\Connectors\\Connector.php:70)
[stacktrace]
#0 C:\\Users\\Administrator\\Desktop\\working filles\\teptix_banner_changes\\vendor\\laravel\\framework\\src\\Illuminate\\Database\\Connectors\\Connector.php(70): PDO->__construct('mysql:host=127....', 'teptixusr', Object(SensitiveParameterValue), Array)
#1 C:\\Users\\Administrator\\Desktop\\working filles\\teptix_banner_changes\\vendor\\laravel\\framework\\src\\Illuminate\\Database\\Connectors\\Connector.php(45): Illuminate\\Database\\Connectors\\Connector->createPdoConnection('mysql:host=127....', 'teptixusr', 'aRlOCewXRVB6EJS...', Array)
#2 C:\\Users\\Administrator\\Desktop\\working filles\\teptix_banner_changes\\vendor\\laravel\\framework\\src\\Illuminate\\Database\\Connectors\\MySqlConnector.php(24): Illuminate\\Database\\Connectors\\Connector->createConnection('mysql:host=127....', Array, Array)
#3 C:\\Users\\Administrator\\Desktop\\working filles\\teptix_banner_changes\\vendor\\laravel\\framework\\src\\Illuminate\\Database\\Connectors\\ConnectionFactory.php(184): Illuminate\\Database\\Connectors\\MySqlConnector->connect(Array)
#4 [internal function]: Illuminate\\Database\\Connectors\\ConnectionFactory->Illuminate\\Database\\Connectors\\{closure}()
#5 C:\\Users\\Administrator\\Desktop\\working filles\\teptix_banner_changes\\vendor\\laravel\\framework\\src\\Illuminate\\Database\\Connection.php(1064): call_user_func(Object(Closure))
#6 C:\\Users\\Administrator\\Desktop\\working filles\\teptix_banner_changes\\vendor\\laravel\\framework\\src\\Illuminate\\Database\\Connection.php(1100): Illuminate\\Database\\Connection->getPdo()
#7 C:\\Users\\Administrator\\Desktop\\working filles\\teptix_banner_changes\\vendor\\laravel\\framework\\src\\Illuminate\\Database\\Connection.php(442): Illuminate\\Database\\Connection->getReadPdo()
#8 C:\\Users\\Administrator\\Desktop\\working filles\\teptix_banner_changes\\vendor\\laravel\\framework\\src\\Illuminate\\Database\\Connection.php(368): Illuminate\\Database\\Connection->getPdoForSelect(true)
#9 C:\\Users\\Administrator\\Desktop\\working filles\\teptix_banner_changes\\vendor\\laravel\\framework\\src\\Illuminate\\Database\\Connection.php(705): Illuminate\\Database\\Connection->Illuminate\\Database\\{closure}('select * from `...', Array)
#10 C:\\Users\\Administrator\\Desktop\\working filles\\teptix_banner_changes\\vendor\\laravel\\framework\\src\\Illuminate\\Database\\Connection.php(672): Illuminate\\Database\\Connection->runQueryCallback('select * from `...', Array, Object(Closure))
#11 C:\\Users\\Administrator\\Desktop\\working filles\\teptix_banner_changes\\vendor\\laravel\\framework\\src\\Illuminate\\Database\\Connection.php(359): Illuminate\\Database\\Connection->run('select * from `...', Array, Object(Closure))
#12 C:\\Users\\Administrator\\Desktop\\working filles\\teptix_banner_changes\\vendor\\laravel\\framework\\src\\Illuminate\\Database\\Query\\Builder.php(2413): Illuminate\\Database\\Connection->select('select * from `...', Array, true)
#13 C:\\Users\\Administrator\\Desktop\\working filles\\teptix_banner_changes\\vendor\\laravel\\framework\\src\\Illuminate\\Database\\Query\\Builder.php(2402): Illuminate\\Database\\Query\\Builder->runSelect()
#14 C:\\Users\\Administrator\\Desktop\\working filles\\teptix_banner_changes\\vendor\\laravel\\framework\\src\\Illuminate\\Database\\Query\\Builder.php(2936): Illuminate\\Database\\Query\\Builder->Illuminate\\Database\\Query\\{closure}()
#15 C:\\Users\\Administrator\\Desktop\\working filles\\teptix_banner_changes\\vendor\\laravel\\framework\\src\\Illuminate\\Database\\Query\\Builder.php(2401): Illuminate\\Database\\Query\\Builder->onceWithColumns(Array, Object(Closure))
#16 C:\\Users\\Administrator\\Desktop\\working filles\\teptix_banner_changes\\vendor\\laravel\\framework\\src\\Illuminate\\Database\\Eloquent\\Builder.php(625): Illuminate\\Database\\Query\\Builder->get(Array)
#17 C:\\Users\\Administrator\\Desktop\\working filles\\teptix_banner_changes\\vendor\\laravel\\framework\\src\\Illuminate\\Database\\Eloquent\\Builder.php(609): Illuminate\\Database\\Eloquent\\Builder->getModels(Array)
#18 C:\\Users\\Administrator\\Desktop\\working filles\\teptix_banner_changes\\vendor\\laravel\\framework\\src\\Illuminate\\Database\\Concerns\\BuildsQueries.php(294): Illuminate\\Database\\Eloquent\\Builder->get(Array)
#19 C:\\Users\\Administrator\\Desktop\\working filles\\teptix_banner_changes\\vendor\\laravel\\framework\\src\\Illuminate\\Support\\Traits\\ForwardsCalls.php(23): Illuminate\\Database\\Eloquent\\Builder->first()
#20 C:\\Users\\Administrator\\Desktop\\working filles\\teptix_banner_changes\\vendor\\laravel\\framework\\src\\Illuminate\\Database\\Eloquent\\Model.php(2132): Illuminate\\Database\\Eloquent\\Model->forwardCallTo(Object(Illuminate\\Database\\Eloquent\\Builder), 'first', Array)
#21 C:\\Users\\Administrator\\Desktop\\working filles\\teptix_banner_changes\\vendor\\laravel\\framework\\src\\Illuminate\\Database\\Eloquent\\Model.php(2144): Illuminate\\Database\\Eloquent\\Model->__call('first', Array)
#22 C:\\Users\\Administrator\\Desktop\\working filles\\teptix_banner_changes\\app\\Http\\Controllers\\AppHelper.php(122): Illuminate\\Database\\Eloquent\\Model::__callStatic('first', Array)
#23 C:\\Users\\Administrator\\Desktop\\working filles\\teptix_banner_changes\\app\\Http\\Controllers\\FrontendController.php(93): App\\Http\\Controllers\\AppHelper->mailConfig()
#24 [internal function]: App\\Http\\Controllers\\FrontendController->__construct(Object(App\\Services\\CheckoutServices))
#25 C:\\Users\\Administrator\\Desktop\\working filles\\teptix_banner_changes\\vendor\\laravel\\framework\\src\\Illuminate\\Container\\Container.php(917): ReflectionClass->newInstanceArgs(Array)
#26 C:\\Users\\Administrator\\Desktop\\working filles\\teptix_banner_changes\\vendor\\laravel\\framework\\src\\Illuminate\\Container\\Container.php(758): Illuminate\\Container\\Container->build('App\\\\Http\\\\Contro...')
#27 C:\\Users\\Administrator\\Desktop\\working filles\\teptix_banner_changes\\vendor\\laravel\\framework\\src\\Illuminate\\Foundation\\Application.php(853): Illuminate\\Container\\Container->resolve('App\\\\Http\\\\Contro...', Array, true)
#28 C:\\Users\\Administrator\\Desktop\\working filles\\teptix_banner_changes\\vendor\\laravel\\framework\\src\\Illuminate\\Container\\Container.php(694): Illuminate\\Foundation\\Application->resolve('App\\\\Http\\\\Contro...', Array)
#29 C:\\Users\\Administrator\\Desktop\\working filles\\teptix_banner_changes\\vendor\\laravel\\framework\\src\\Illuminate\\Foundation\\Application.php(838): Illuminate\\Container\\Container->make('App\\\\Http\\\\Contro...', Array)
#30 C:\\Users\\Administrator\\Desktop\\working filles\\teptix_banner_changes\\vendor\\laravel\\framework\\src\\Illuminate\\Routing\\Route.php(276): Illuminate\\Foundation\\Application->make('App\\\\Http\\\\Contro...')
#31 C:\\Users\\Administrator\\Desktop\\working filles\\teptix_banner_changes\\vendor\\laravel\\framework\\src\\Illuminate\\Routing\\Route.php(1080): Illuminate\\Routing\\Route->getController()
#32 C:\\Users\\Administrator\\Desktop\\working filles\\teptix_banner_changes\\vendor\\laravel\\framework\\src\\Illuminate\\Routing\\Route.php(1023): Illuminate\\Routing\\Route->controllerMiddleware()
#33 C:\\Users\\Administrator\\Desktop\\working filles\\teptix_banner_changes\\vendor\\laravel\\framework\\src\\Illuminate\\Routing\\Router.php(734): Illuminate\\Routing\\Route->gatherMiddleware()
#34 C:\\Users\\Administrator\\Desktop\\working filles\\teptix_banner_changes\\vendor\\laravel\\framework\\src\\Illuminate\\Routing\\Router.php(714): Illuminate\\Routing\\Router->gatherRouteMiddleware(Object(Illuminate\\Routing\\Route))
#35 C:\\Users\\Administrator\\Desktop\\working filles\\teptix_banner_changes\\vendor\\laravel\\framework\\src\\Illuminate\\Routing\\Router.php(698): Illuminate\\Routing\\Router->runRouteWithinStack(Object(Illuminate\\Routing\\Route), Object(Illuminate\\Http\\Request))
#36 C:\\Users\\Administrator\\Desktop\\working filles\\teptix_banner_changes\\vendor\\laravel\\framework\\src\\Illuminate\\Routing\\Router.php(662): Illuminate\\Routing\\Router->runRoute(Object(Illuminate\\Http\\Request), Object(Illuminate\\Routing\\Route))
#37 C:\\Users\\Administrator\\Desktop\\working filles\\teptix_banner_changes\\vendor\\laravel\\framework\\src\\Illuminate\\Routing\\Router.php(651): Illuminate\\Routing\\Router->dispatchToRoute(Object(Illuminate\\Http\\Request))
#38 C:\\Users\\Administrator\\Desktop\\working filles\\teptix_banner_changes\\vendor\\laravel\\framework\\src\\Illuminate\\Foundation\\Http\\Kernel.php(167): Illuminate\\Routing\\Router->dispatch(Object(Illuminate\\Http\\Request))
#39 C:\\Users\\Administrator\\Desktop\\working filles\\teptix_banner_changes\\vendor\\laravel\\framework\\src\\Illuminate\\Pipeline\\Pipeline.php(128): Illuminate\\Foundation\\Http\\Kernel->Illuminate\\Foundation\\Http\\{closure}(Object(Illuminate\\Http\\Request))
#40 C:\\Users\\Administrator\\Desktop\\working filles\\teptix_banner_changes\\vendor\\laravel\\framework\\src\\Illuminate\\Foundation\\Http\\Middleware\\TransformsRequest.php(21): Illuminate\\Pipeline\\Pipeline->Illuminate\\Pipeline\\{closure}(Object(Illuminate\\Http\\Request))
#41 C:\\Users\\Administrator\\Desktop\\working filles\\teptix_banner_changes\\vendor\\laravel\\framework\\src\\Illuminate\\Foundation\\Http\\Middleware\\ConvertEmptyStringsToNull.php(31): Illuminate\\Foundation\\Http\\Middleware\\TransformsRequest->handle(Object(Illuminate\\Http\\Request), Object(Closure))
#42 C:\\Users\\Administrator\\Desktop\\working filles\\teptix_banner_changes\\vendor\\laravel\\framework\\src\\Illuminate\\Pipeline\\Pipeline.php(167): Illuminate\\Foundation\\Http\\Middleware\\ConvertEmptyStringsToNull->handle(Object(Illuminate\\Http\\Request), Object(Closure))
#43 C:\\Users\\Administrator\\Desktop\\working filles\\teptix_banner_changes\\vendor\\laravel\\framework\\src\\Illuminate\\Foundation\\Http\\Middleware\\TransformsRequest.php(21): Illuminate\\Pipeline\\Pipeline->Illuminate\\Pipeline\\{closure}(Object(Illuminate\\Http\\Request))
#44 C:\\Users\\Administrator\\Desktop\\working filles\\teptix_banner_changes\\vendor\\laravel\\framework\\src\\Illuminate\\Foundation\\Http\\Middleware\\TrimStrings.php(40): Illuminate\\Foundation\\Http\\Middleware\\TransformsRequest->handle(Object(Illuminate\\Http\\Request), Object(Closure))
#45 C:\\Users\\Administrator\\Desktop\\working filles\\teptix_banner_changes\\vendor\\laravel\\framework\\src\\Illuminate\\Pipeline\\Pipeline.php(167): Illuminate\\Foundation\\Http\\Middleware\\TrimStrings->handle(Object(Illuminate\\Http\\Request), Object(Closure))
#46 C:\\Users\\Administrator\\Desktop\\working filles\\teptix_banner_changes\\vendor\\laravel\\framework\\src\\Illuminate\\Foundation\\Http\\Middleware\\ValidatePostSize.php(27): Illuminate\\Pipeline\\Pipeline->Illuminate\\Pipeline\\{closure}(Object(Illuminate\\Http\\Request))
#47 C:\\Users\\Administrator\\Desktop\\working filles\\teptix_banner_changes\\vendor\\laravel\\framework\\src\\Illuminate\\Pipeline\\Pipeline.php(167): Illuminate\\Foundation\\Http\\Middleware\\ValidatePostSize->handle(Object(Illuminate\\Http\\Request), Object(Closure))
#48 C:\\Users\\Administrator\\Desktop\\working filles\\teptix_banner_changes\\vendor\\fruitcake\\laravel-cors\\src\\HandleCors.php(38): Illuminate\\Pipeline\\Pipeline->Illuminate\\Pipeline\\{closure}(Object(Illuminate\\Http\\Request))
#49 C:\\Users\\Administrator\\Desktop\\working filles\\teptix_banner_changes\\vendor\\laravel\\framework\\src\\Illuminate\\Pipeline\\Pipeline.php(167): Fruitcake\\Cors\\HandleCors->handle(Object(Illuminate\\Http\\Request), Object(Closure))
#50 C:\\Users\\Administrator\\Desktop\\working filles\\teptix_banner_changes\\vendor\\fideloper\\proxy\\src\\TrustProxies.php(57): Illuminate\\Pipeline\\Pipeline->Illuminate\\Pipeline\\{closure}(Object(Illuminate\\Http\\Request))
#51 C:\\Users\\Administrator\\Desktop\\working filles\\teptix_banner_changes\\vendor\\laravel\\framework\\src\\Illuminate\\Pipeline\\Pipeline.php(167): Fideloper\\Proxy\\TrustProxies->handle(Object(Illuminate\\Http\\Request), Object(Closure))
#52 C:\\Users\\Administrator\\Desktop\\working filles\\teptix_banner_changes\\app\\Http\\Middleware\\LogOAuthRequests.php(19): Illuminate\\Pipeline\\Pipeline->Illuminate\\Pipeline\\{closure}(Object(Illuminate\\Http\\Request))
#53 C:\\Users\\Administrator\\Desktop\\working filles\\teptix_banner_changes\\vendor\\laravel\\framework\\src\\Illuminate\\Pipeline\\Pipeline.php(167): App\\Http\\Middleware\\LogOAuthRequests->handle(Object(Illuminate\\Http\\Request), Object(Closure))
#54 C:\\Users\\Administrator\\Desktop\\working filles\\teptix_banner_changes\\vendor\\laravel\\framework\\src\\Illuminate\\Pipeline\\Pipeline.php(103): Illuminate\\Pipeline\\Pipeline->Illuminate\\Pipeline\\{closure}(Object(Illuminate\\Http\\Request))
#55 C:\\Users\\Administrator\\Desktop\\working filles\\teptix_banner_changes\\vendor\\laravel\\framework\\src\\Illuminate\\Foundation\\Http\\Kernel.php(142): Illuminate\\Pipeline\\Pipeline->then(Object(Closure))
#56 C:\\Users\\Administrator\\Desktop\\working filles\\teptix_banner_changes\\vendor\\laravel\\framework\\src\\Illuminate\\Foundation\\Http\\Kernel.php(111): Illuminate\\Foundation\\Http\\Kernel->sendRequestThroughRouter(Object(Illuminate\\Http\\Request))
#57 C:\\Users\\Administrator\\Desktop\\working filles\\teptix_banner_changes\\public\\index.php(51): Illuminate\\Foundation\\Http\\Kernel->handle(Object(Illuminate\\Http\\Request))
#58 C:\\Users\\Administrator\\Desktop\\working filles\\teptix_banner_changes\\server.php(21): require_once('C:\\\\Users\\\\Admini...')
#59 {main}
"} 
[2026-08-31 10:41:47] production.ERROR: PHP Parse error: Syntax error, unexpected T_NS_SEPARATOR on line 1 {"exception":"[object] (Psy\\Exception\\ParseErrorException(code: 0): PHP Parse error: Syntax error, unexpected T_NS_SEPARATOR on line 1 at C:\\Users\\Administrator\\Desktop\\working filles\\teptix_banner_changes\\vendor\\psy\\psysh\\src\\Exception\\ParseErrorException.php:44)
[stacktrace]
#0 C:\\Users\\Administrator\\Desktop\\working filles\\teptix_banner_changes\\vendor\\psy\\psysh\\src\\CodeCleaner.php(306): Psy\\Exception\\ParseErrorException::fromParseError(Object(PhpParser\\Error))
#1 C:\\Users\\Administrator\\Desktop\\working filles\\teptix_banner_changes\\vendor\\psy\\psysh\\src\\CodeCleaner.php(240): Psy\\CodeCleaner->parse('<?php \\\\ = Illum...', false)
#2 C:\\Users\\Administrator\\Desktop\\working filles\\teptix_banner_changes\\vendor\\psy\\psysh\\src\\Shell.php(852): Psy\\CodeCleaner->clean(Array, false)
#3 C:\\Users\\Administrator\\Desktop\\working filles\\teptix_banner_changes\\vendor\\psy\\psysh\\src\\Shell.php(881): Psy\\Shell->addCode('\\\\ = Illuminate\\\\...', true)
#4 C:\\Users\\Administrator\\Desktop\\working filles\\teptix_banner_changes\\vendor\\psy\\psysh\\src\\Shell.php(1390): Psy\\Shell->setCode('\\\\ = Illuminate\\\\...', true)
#5 C:\\Users\\Administrator\\Desktop\\working filles\\teptix_banner_changes\\vendor\\laravel\\tinker\\src\\Console\\TinkerCommand.php(76): Psy\\Shell->execute('\\\\ = Illuminate\\\\...')
#6 C:\\Users\\Administrator\\Desktop\\working filles\\teptix_banner_changes\\vendor\\laravel\\framework\\src\\Illuminate\\Container\\BoundMethod.php(36): Laravel\\Tinker\\Console\\TinkerCommand->handle()
#7 C:\\Users\\Administrator\\Desktop\\working filles\\teptix_banner_changes\\vendor\\laravel\\framework\\src\\Illuminate\\Container\\Util.php(40): Illuminate\\Container\\BoundMethod::Illuminate\\Container\\{closure}()
#8 C:\\Users\\Administrator\\Desktop\\working filles\\teptix_banner_changes\\vendor\\laravel\\framework\\src\\Illuminate\\Container\\BoundMethod.php(93): Illuminate\\Container\\Util::unwrapIfClosure(Object(Closure))
#9 C:\\Users\\Administrator\\Desktop\\working filles\\teptix_banner_changes\\vendor\\laravel\\framework\\src\\Illuminate\\Container\\BoundMethod.php(35): Illuminate\\Container\\BoundMethod::callBoundMethod(Object(Illuminate\\Foundation\\Application), Array, Object(Closure))
#10 C:\\Users\\Administrator\\Desktop\\working filles\\teptix_banner_changes\\vendor\\laravel\\framework\\src\\Illuminate\\Container\\Container.php(653): Illuminate\\Container\\BoundMethod::call(Object(Illuminate\\Foundation\\Application), Array, Array, NULL)
#11 C:\\Users\\Administrator\\Desktop\\working filles\\teptix_banner_changes\\vendor\\laravel\\framework\\src\\Illuminate\\Console\\Command.php(136): Illuminate\\Container\\Container->call(Array)
#12 C:\\Users\\Administrator\\Desktop\\working filles\\teptix_banner_changes\\vendor\\symfony\\console\\Command\\Command.php(298): Illuminate\\Console\\Command->execute(Object(Symfony\\Component\\Console\\Input\\ArgvInput), Object(Illuminate\\Console\\OutputStyle))
#13 C:\\Users\\Administrator\\Desktop\\working filles\\teptix_banner_changes\\vendor\\laravel\\framework\\src\\Illuminate\\Console\\Command.php(120): Symfony\\Component\\Console\\Command\\Command->run(Object(Symfony\\Component\\Console\\Input\\ArgvInput), Object(Illuminate\\Console\\OutputStyle))
#14 C:\\Users\\Administrator\\Desktop\\working filles\\teptix_banner_changes\\vendor\\symfony\\console\\Application.php(1040): Illuminate\\Console\\Command->run(Object(Symfony\\Component\\Console\\Input\\ArgvInput), Object(Symfony\\Component\\Console\\Output\\ConsoleOutput))
#15 C:\\Users\\Administrator\\Desktop\\working filles\\teptix_banner_changes\\vendor\\symfony\\console\\Application.php(301): Symfony\\Component\\Console\\Application->doRunCommand(Object(Laravel\\Tinker\\Console\\TinkerCommand), Object(Symfony\\Component\\Console\\Input\\ArgvInput), Object(Symfony\\Component\\Console\\Output\\ConsoleOutput))
#16 C:\\Users\\Administrator\\Desktop\\working filles\\teptix_banner_changes\\vendor\\symfony\\console\\Application.php(171): Symfony\\Component\\Console\\Application->doRun(Object(Symfony\\Component\\Console\\Input\\ArgvInput), Object(Symfony\\Component\\Console\\Output\\ConsoleOutput))
#17 C:\\Users\\Administrator\\Desktop\\working filles\\teptix_banner_changes\\vendor\\laravel\\framework\\src\\Illuminate\\Console\\Application.php(94): Symfony\\Component\\Console\\Application->run(Object(Symfony\\Component\\Console\\Input\\ArgvInput), Object(Symfony\\Component\\Console\\Output\\ConsoleOutput))
#18 C:\\Users\\Administrator\\Desktop\\working filles\\teptix_banner_changes\\vendor\\laravel\\framework\\src\\Illuminate\\Foundation\\Console\\Kernel.php(129): Illuminate\\Console\\Application->run(Object(Symfony\\Component\\Console\\Input\\ArgvInput), Object(Symfony\\Component\\Console\\Output\\ConsoleOutput))
#19 C:\\Users\\Administrator\\Desktop\\working filles\\teptix_banner_changes\\artisan(35): Illuminate\\Foundation\\Console\\Kernel->handle(Object(Symfony\\Component\\Console\\Input\\ArgvInput), Object(Symfony\\Component\\Console\\Output\\ConsoleOutput))
#20 {main}
"} 
