[2026-07-25 05:10:34] Event: 46 | Ticket: 6a09371dca305 | Status: SUCCESS | Message: Ticket scanned successfully. | Extra: {"child_id":2276,"remaining":null}
[2026-08-14 10:53:43] Event: 50 | Ticket: 6a7edb4653e8c | Status: FAILED | Message: Event is not started | Extra: {"child_id":34231830}
[2026-08-14 10:53:49] Event: 50 | Ticket: 6a7edb4653e8c | Status: FAILED | Message: Event is not started | Extra: {"child_id":34231830}
[2026-08-14 10:53:54] Event: 50 | Ticket: 6a7edb4653e8c | Status: FAILED | Message: Event is not started | Extra: {"child_id":34231830}
[2026-08-14 10:54:31] Event: 50 | Ticket: 6a7edb4653e8c | Status: SUCCESS | Message: Ticket scanned successfully. | Extra: {"child_id":34231830,"remaining":0}
[2026-08-14 10:54:36] Event: 50 | Ticket: 6a7edb4653e8c | Status: FAILED | Message: Check-in limit exceeded! | Extra: {"child_id":34231830}
[2026-08-14 10:54:41] Event: 50 | Ticket: 6a7edb4653e8c | Status: FAILED | Message: Check-in limit exceeded! | Extra: {"child_id":34231830}
[2026-08-14 10:58:32] Event: 50 | Ticket: 6a7edb4653e8c | Status: SUCCESS | Message: Ticket scanned successfully. | Extra: {"child_id":34231830,"remaining":0}
[2026-08-14 10:58:53] Event: 50 | Ticket: 6a7edb4653e8c | Status: FAILED | Message: Check-in limit exceeded! | Extra: {"child_id":34231830}
[2026-08-14 10:59:29] Event: 50 | Ticket: 6a7edb4653e8c | Status: SUCCESS | Message: Ticket scanned successfully. | Extra: {"child_id":34231830,"remaining":0}
[2026-08-14 10:59:37] Event: 50 | Ticket: 6a7edb4653e8c | Status: FAILED | Message: Check-in limit exceeded! | Extra: {"child_id":34231830}
[2026-08-14 11:02:09] Event: 50 | Ticket: 6a7edb4653e8c | Status: SUCCESS | Message: Ticket scanned successfully. | Extra: {"child_id":34231830,"remaining":0}
[2026-08-14 11:02:14] Event: 50 | Ticket: 6a7edb4653e8c | Status: FAILED | Message: Check-in limit exceeded! | Extra: {"child_id":34231830}
[2026-08-14 11:03:24] Event: 50 | Ticket: 6a7edb4653e8c | Status: SUCCESS | Message: Ticket scanned successfully. | Extra: {"child_id":34231830,"remaining":0}
[2026-08-14 11:06:16] Event: 50 | Ticket: 6a7edb4653e8c | Status: SUCCESS | Message: Ticket scanned successfully. | Extra: {"child_id":34231830,"remaining":0}
[2026-08-14 11:11:12] Event: 50 | Ticket: 6a7edb4653e8c | Status: SUCCESS | Message: Ticket scanned successfully. | Extra: {"child_id":34231830,"remaining":0}
[2026-08-14 11:11:44] Event: 50 | Ticket: 6a7edb4653e8c | Status: FAILED | Message: Check-in limit exceeded! | Extra: {"child_id":34231830}
[2026-08-14 11:24:19] Event: 50 | Ticket: 6a7edb4653e8c | Status: SUCCESS | Message: Ticket scanned successfully. | Extra: {"child_id":34231830,"remaining":0}
[2026-08-14 11:24:42] Event: 50 | Ticket: 6a7edb4653e8c | Status: SUCCESS | Message: Ticket scanned successfully. | Extra: {"child_id":34231830,"remaining":0}
[2026-08-14 11:34:50] Event: 55 | Ticket: 6a7c9c2b404b0 | Status: FAILED | Message: Event is not started | Extra: {"child_id":303589}
[2026-08-14 11:36:09] Event: 55 | Ticket: 6a7c9c2b404b0 | Status: SUCCESS | Message: Ticket scanned successfully. | Extra: {"child_id":303589,"remaining":0}
[2026-08-14 11:36:37] Event: 55 | Ticket: 6a7c9c2b404b0 | Status: SUCCESS | Message: Ticket scanned successfully. | Extra: {"child_id":303589,"remaining":0}
[2026-08-14 11:44:02] Event: 50 | Ticket: 6a7edb4653e8c | Status: FAILED | Message: Event is not started | Extra: {"child_id":34231830}
[2026-08-14 11:44:37] Event: 50 | Ticket: 6a7edb4653e8c | Status: SUCCESS | Message: Ticket scanned successfully. | Extra: {"child_id":34231830,"remaining":1}
[2026-08-14 11:45:01] Event: 50 | Ticket: 6a7edb4653e8c | Status: SUCCESS | Message: Ticket scanned successfully. | Extra: {"child_id":34231830,"remaining":0}
[2026-08-14 11:45:06] Event: 50 | Ticket: 6a7edb4653e8c | Status: FAILED | Message: Check-in limit exceeded! | Extra: {"child_id":34231830}
[2026-08-14 11:47:56] Event: 50 | Ticket: 6a7ed9d3ea5fd | Status: SUCCESS | Message: Ticket scanned successfully. | Extra: {"child_id":34231829,"remaining":0}
[2026-08-14 11:54:16] Event: 50 | Ticket: 6a7ed9d3ea5fd | Status: FAILED | Message: Check-in limit exceeded! | Extra: {"child_id":34231829}
[2026-08-14 11:54:24] Event: 50 | Ticket: 6a7ed9d3ea5fd | Status: FAILED | Message: Check-in limit exceeded! | Extra: {"child_id":34231829}
[2026-08-14 11:55:10] Event: 50 | Ticket: 6a7ed9d3ea5fd | Status: SUCCESS | Message: Ticket scanned successfully. | Extra: {"child_id":34231829,"remaining":0}
[2026-08-14 11:56:09] Event: 50 | Ticket: 6a7ed9d3ea5fd | Status: SUCCESS | Message: Ticket scanned successfully. | Extra: {"child_id":34231829,"remaining":0}
[2026-08-14 12:00:52] Event: 50 | Ticket: 6a7ed9d3ea5fd | Status: SUCCESS | Message: Ticket scanned successfully. | Extra: {"child_id":34231829,"remaining":1}
[2026-08-14 12:04:04] Event: 50 | Ticket: 6a7c9c2b404b0 | Status: FAILED | Message: Event ID mismatch. | Extra: {"child_id":303589,"order_event_id":55}
[2026-08-14 12:04:53] Event: 50 | Ticket: 6a7edb4653e8c | Status: SUCCESS | Message: Ticket scanned successfully. | Extra: {"child_id":34231830,"remaining":1}
[2026-08-14 12:08:03] Event: 50 | Ticket: 6a7edb4653e8c | Status: SUCCESS | Message: Ticket scanned successfully. | Extra: {"child_id":34231830,"remaining":1}
[2026-08-14 12:09:25] Event: 50 | Ticket: 6a7edb4653e8c | Status: SUCCESS | Message: Ticket scanned successfully. | Extra: {"child_id":34231830,"remaining":0}
[2026-08-14 12:10:10] Event: 50 | Ticket: 6a7edb4653e8c | Status: SUCCESS | Message: Ticket scanned successfully. | Extra: {"child_id":34231830,"remaining":1}
[2026-08-14 12:10:23] Event: 50 | Ticket: 6a7edb4653e8c | Status: SUCCESS | Message: Ticket scanned successfully. | Extra: {"child_id":34231830,"remaining":0}
[2026-08-14 12:11:38] Event: 50 | Ticket: 6a7edb4653e8c | Status: SUCCESS | Message: Ticket scanned successfully. | Extra: {"child_id":34231830,"remaining":0}
[2026-08-14 12:16:51] Event: 50 | Ticket: 6a7ed9d3ea5fd | Status: SUCCESS | Message: Ticket scanned successfully. | Extra: {"child_id":34231829,"remaining":0}
[2026-08-14 12:17:02] Event: 50 | Ticket: 6a7ed9d3ea5fd | Status: FAILED | Message: Check-in limit exceeded! | Extra: {"child_id":34231829}
[2026-08-14 12:17:07] Event: 50 | Ticket: 6a7ed9d3ea5fd | Status: FAILED | Message: Check-in limit exceeded! | Extra: {"child_id":34231829}
[2026-08-14 12:18:14] Event: 50 | Ticket: 6a7ed9d3ea5fd | Status: SUCCESS | Message: Ticket scanned successfully. | Extra: {"child_id":34231829,"remaining":0}
[2026-08-14 12:18:19] Event: 50 | Ticket: 6a7ed9d3ea5fd | Status: FAILED | Message: Check-in limit exceeded! | Extra: {"child_id":34231829}
[2026-08-14 12:18:25] Event: 50 | Ticket: 6a7ed9d3ea5fd | Status: FAILED | Message: Check-in limit exceeded! | Extra: {"child_id":34231829}
[2026-08-14 12:18:32] Event: 50 | Ticket: 6a7ed9d3ea5fd | Status: FAILED | Message: Check-in limit exceeded! | Extra: {"child_id":34231829}
[2026-08-15 00:34:04] Event: 50 | Ticket: 6a7fb3c16a42f | Status: SUCCESS | Message: Ticket scanned successfully. | Extra: {"child_id":34231867,"remaining":0}
[2026-08-15 00:37:28] Event: 50 | Ticket: 6a7fb3c16a42f | Status: FAILED | Message: Check-in limit exceeded! | Extra: {"child_id":34231867}
[2026-08-15 00:39:58] Event: 50 | Ticket: 6a7fb3c16a42f | Status: FAILED | Message: Check-in limit exceeded! | Extra: {"child_id":34231867}
[2026-08-15 01:49:54] Event: 50 | Ticket: 6a7fb3c16a42f | Status: FAILED | Message: Check-in limit exceeded! | Extra: {"child_id":34231867}
[2026-08-15 01:50:00] Event: 50 | Ticket: 6a7fb3c16a42f | Status: FAILED | Message: Check-in limit exceeded! | Extra: {"child_id":34231867}
[2026-08-15 01:52:09] Event: 50 | Ticket: 6a7fb3c16a42f | Status: FAILED | Message: Check-in limit exceeded! | Extra: {"child_id":34231867}
[2026-08-15 02:29:35] Event: 50 | Ticket: 6a7fce077aee6 | Status: SUCCESS | Message: Ticket scanned successfully. | Extra: {"child_id":34231884,"remaining":9}
[2026-08-15 02:30:57] Event: 50 | Ticket: 6a7fce077aee6 | Status: SUCCESS | Message: Ticket scanned successfully. | Extra: {"child_id":34231884,"remaining":8}
[2026-08-15 02:31:09] Event: 50 | Ticket: 6a7fce077aee6 | Status: SUCCESS | Message: Ticket scanned successfully. | Extra: {"child_id":34231884,"remaining":7}
[2026-08-15 03:48:05] Event: 50 | Ticket: 6a7b7bd8e6f84 | Status: SUCCESS | Message: Ticket scanned successfully. | Extra: {"child_id":303564,"remaining":0}
[2026-08-15 03:58:57] Event: 50 | Ticket: 6a5ad592325e1 | Status: SUCCESS | Message: Ticket scanned successfully. | Extra: {"child_id":302751,"remaining":0}
[2026-08-15 03:59:16] Event: 50 | Ticket: 6a5ad59232ef8 | Status: SUCCESS | Message: Ticket scanned successfully. | Extra: {"child_id":302752,"remaining":0}
[2026-08-15 04:21:10] Event: 50 | Ticket: 6a7b7c25ddf41 | Status: SUCCESS | Message: Ticket scanned successfully. | Extra: {"child_id":303567,"remaining":0}
[2026-08-15 04:24:18] Event: 50 | Ticket: 6a41f62e66921 | Status: SUCCESS | Message: Ticket scanned successfully. | Extra: {"child_id":302247,"remaining":0}
[2026-08-15 04:24:28] Event: 50 | Ticket: 6a41f62e6676b | Status: SUCCESS | Message: Ticket scanned successfully. | Extra: {"child_id":302246,"remaining":0}
[2026-08-15 04:24:32] Event: 50 | Ticket: 6a41f62e65cd0 | Status: SUCCESS | Message: Ticket scanned successfully. | Extra: {"child_id":302245,"remaining":0}
[2026-08-15 04:31:19] Event: 50 | Ticket: 6a7d262b7f052 | Status: SUCCESS | Message: Ticket scanned successfully. | Extra: {"child_id":303619,"remaining":0}
[2026-08-15 04:31:24] Event: 50 | Ticket: 6a7d262b7f7af | Status: SUCCESS | Message: Ticket scanned successfully. | Extra: {"child_id":303620,"remaining":0}
[2026-08-15 04:31:30] Event: 50 | Ticket: 6a7d262b7f980 | Status: SUCCESS | Message: Ticket scanned successfully. | Extra: {"child_id":303621,"remaining":0}
[2026-08-15 04:31:36] Event: 50 | Ticket: 6a7d262b7fb88 | Status: SUCCESS | Message: Ticket scanned successfully. | Extra: {"child_id":303622,"remaining":0}
[2026-08-15 04:31:53] Event: 50 | Ticket: 6a7d262b7fd20 | Status: SUCCESS | Message: Ticket scanned successfully. | Extra: {"child_id":303623,"remaining":0}
[2026-08-15 04:31:57] Event: 50 | Ticket: 6a7d262b7ff16 | Status: SUCCESS | Message: Ticket scanned successfully. | Extra: {"child_id":303624,"remaining":0}
[2026-08-15 04:33:54] Event: 50 | Ticket: 6a57ef9d0a5ac | Status: SUCCESS | Message: Ticket scanned successfully. | Extra: {"child_id":302689,"remaining":0}
[2026-08-15 04:34:08] Event: 50 | Ticket: 6a57f0931ae35 | Status: SUCCESS | Message: Ticket scanned successfully. | Extra: {"child_id":302719,"remaining":0}
[2026-08-15 04:34:19] Event: 50 | Ticket: 6a57ef9d0a422 | Status: SUCCESS | Message: Ticket scanned successfully. | Extra: {"child_id":302687,"remaining":0}
[2026-08-15 04:34:48] Event: 50 | Ticket: 6a57f05753fc1 | Status: SUCCESS | Message: Ticket scanned successfully. | Extra: {"child_id":302708,"remaining":0}
[2026-08-15 04:34:55] Event: 50 | Ticket: 6a529542eaa8b | Status: SUCCESS | Message: Ticket scanned successfully. | Extra: {"child_id":302485,"remaining":0}
[2026-08-15 04:35:35] Event: 50 | Ticket: 6a78c25fbcd9b | Status: SUCCESS | Message: Ticket scanned successfully. | Extra: {"child_id":303495,"remaining":0}
[2026-08-15 04:35:46] Event: 50 | Ticket: 6a78c25fbcd9b | Status: FAILED | Message: Check-in limit exceeded! | Extra: {"child_id":303495}
[2026-08-15 04:36:06] Event: 50 | Ticket: 6a78c25fbc9ac | Status: SUCCESS | Message: Ticket scanned successfully. | Extra: {"child_id":303494,"remaining":0}
[2026-08-15 04:39:21] Event: 50 | Ticket: 6a57f0575409f | Status: SUCCESS | Message: Ticket scanned successfully. | Extra: {"child_id":302709,"remaining":0}
[2026-08-15 04:39:23] Event: 50 | Ticket: 6a57f0575418a | Status: SUCCESS | Message: Ticket scanned successfully. | Extra: {"child_id":302710,"remaining":0}
[2026-08-15 04:39:35] Event: 50 | Ticket: 6a57f05754269 | Status: SUCCESS | Message: Ticket scanned successfully. | Extra: {"child_id":302711,"remaining":0}
[2026-08-15 04:39:35] Event: 50 | Ticket: 6a57f02eeb622 | Status: SUCCESS | Message: Ticket scanned successfully. | Extra: {"child_id":302696,"remaining":0}
[2026-08-15 04:40:02] Event: 50 | Ticket: 6a57f02eeb556 | Status: SUCCESS | Message: Ticket scanned successfully. | Extra: {"child_id":302695,"remaining":0}
[2026-08-15 04:40:04] Event: 50 | Ticket: 6a57f02eeb440 | Status: SUCCESS | Message: Ticket scanned successfully. | Extra: {"child_id":302694,"remaining":0}
[2026-08-15 04:40:11] Event: 50 | Ticket: 6a57ef9d0a66c | Status: SUCCESS | Message: Ticket scanned successfully. | Extra: {"child_id":302690,"remaining":0}
[2026-08-15 04:44:31] Event: 50 | Ticket: 6a429cda10c01 | Status: SUCCESS | Message: Ticket scanned successfully. | Extra: {"child_id":302249,"remaining":0}
[2026-08-15 04:44:41] Event: 50 | Ticket: 6a57f0931aad3 | Status: SUCCESS | Message: Ticket scanned successfully. | Extra: {"child_id":302716,"remaining":0}
[2026-08-15 04:44:56] Event: 50 | Ticket: 6a57f0931a8cc | Status: SUCCESS | Message: Ticket scanned successfully. | Extra: {"child_id":302714,"remaining":0}
[2026-08-15 04:48:57] Event: 50 | Ticket: 6a57f02eeb2bb | Status: SUCCESS | Message: Ticket scanned successfully. | Extra: {"child_id":302693,"remaining":0}
[2026-08-15 04:49:03] Event: 50 | Ticket: 6a57f0931a6ce | Status: SUCCESS | Message: Ticket scanned successfully. | Extra: {"child_id":302713,"remaining":0}
[2026-08-15 04:49:10] Event: 50 | Ticket: 6a57f02eead44 | Status: SUCCESS | Message: Ticket scanned successfully. | Extra: {"child_id":302692,"remaining":0}
[2026-08-15 04:49:17] Event: 50 | Ticket: 6a57f05753cc7 | Status: SUCCESS | Message: Ticket scanned successfully. | Extra: {"child_id":302705,"remaining":0}
[2026-08-15 04:50:34] Event: 50 | Ticket: 6a47f702da741 | Status: SUCCESS | Message: Ticket scanned successfully. | Extra: {"child_id":302388,"remaining":0}
[2026-08-15 04:51:11] Event: 50 | Ticket: 6a66b9914879d | Status: SUCCESS | Message: Ticket scanned successfully. | Extra: {"child_id":303148,"remaining":0}
[2026-08-15 04:51:32] Event: 50 | Ticket: 6a66b991480bf | Status: SUCCESS | Message: Ticket scanned successfully. | Extra: {"child_id":303147,"remaining":0}
[2026-08-15 04:54:02] Event: 50 | Ticket: 6a66b99148b68 | Status: SUCCESS | Message: Ticket scanned successfully. | Extra: {"child_id":303151,"remaining":0}
[2026-08-15 04:54:15] Event: 50 | Ticket: 6a66b99148a5f | Status: SUCCESS | Message: Ticket scanned successfully. | Extra: {"child_id":303150,"remaining":0}
[2026-08-15 04:54:22] Event: 50 | Ticket: 6a66b991488e0 | Status: SUCCESS | Message: Ticket scanned successfully. | Extra: {"child_id":303149,"remaining":0}
[2026-08-15 04:54:30] Event: 50 | Ticket: 6a57f0931a416 | Status: SUCCESS | Message: Ticket scanned successfully. | Extra: {"child_id":302712,"remaining":0}
[2026-08-15 04:55:29] Event: 50 | Ticket: 6a7f6b318e163 | Status: SUCCESS | Message: Ticket scanned successfully. | Extra: {"child_id":34231837,"remaining":0}
[2026-08-15 04:55:37] Event: 50 | Ticket: 6a7f6b318e5bb | Status: SUCCESS | Message: Ticket scanned successfully. | Extra: {"child_id":34231838,"remaining":0}
[2026-08-15 04:55:43] Event: 50 | Ticket: 6a7f6b318e78d | Status: SUCCESS | Message: Ticket scanned successfully. | Extra: {"child_id":34231839,"remaining":0}
[2026-08-15 04:55:57] Event: 50 | Ticket: 6a7f6b318e8ee | Status: SUCCESS | Message: Ticket scanned successfully. | Extra: {"child_id":34231840,"remaining":0}
[2026-08-15 04:56:04] Event: 50 | Ticket: 6a7f6b318ea76 | Status: SUCCESS | Message: Ticket scanned successfully. | Extra: {"child_id":34231841,"remaining":0}
[2026-08-15 04:56:12] Event: 50 | Ticket: 6a7f6b318ebc7 | Status: SUCCESS | Message: Ticket scanned successfully. | Extra: {"child_id":34231842,"remaining":0}
[2026-08-15 04:57:43] Event: 50 | Ticket: 6a429cda11771 | Status: SUCCESS | Message: Ticket scanned successfully. | Extra: {"child_id":302251,"remaining":0}
[2026-08-15 04:58:01] Event: 50 | Ticket: 6a4830153972e | Status: SUCCESS | Message: Ticket scanned successfully. | Extra: {"child_id":302389,"remaining":0}
[2026-08-15 04:58:08] Event: 50 | Ticket: 6a57f05753edc | Status: SUCCESS | Message: Ticket scanned successfully. | Extra: {"child_id":302707,"remaining":0}
[2026-08-15 04:58:25] Event: 50 | Ticket: 6a57f02eeb6ed | Status: SUCCESS | Message: Ticket scanned successfully. | Extra: {"child_id":302697,"remaining":0}
[2026-08-15 04:58:40] Event: 50 | Ticket: 6a57f05753edc | Status: FAILED | Message: Check-in limit exceeded! | Extra: {"child_id":302707}
[2026-08-15 04:58:40] Event: 50 | Ticket: 6a57f05753de4 | Status: SUCCESS | Message: Ticket scanned successfully. | Extra: {"child_id":302706,"remaining":0}
[2026-08-15 04:58:55] Event: 50 | Ticket: 6a57f0931af03 | Status: SUCCESS | Message: Ticket scanned successfully. | Extra: {"child_id":302720,"remaining":0}
[2026-08-15 04:59:01] Event: 50 | Ticket: 6a57f0931af03 | Status: FAILED | Message: Check-in limit exceeded! | Extra: {"child_id":302720}
[2026-08-15 04:59:11] Event: 50 | Ticket: 6a57f05753edc | Status: FAILED | Message: Check-in limit exceeded! | Extra: {"child_id":302707}
[2026-08-15 04:59:28] Event: 50 | Ticket: 6a57f05753edc | Status: FAILED | Message: Check-in limit exceeded! | Extra: {"child_id":302707}
[2026-08-15 04:59:37] Event: 50 | Ticket: 6a57f05753edc | Status: FAILED | Message: Check-in limit exceeded! | Extra: {"child_id":302707}
[2026-08-15 05:02:34] Event: 50 | Ticket: 6a57ef9d0a4e3 | Status: SUCCESS | Message: Ticket scanned successfully. | Extra: {"child_id":302688,"remaining":0}
[2026-08-15 05:08:02] Event: 50 | Ticket: 6a7ed9d3ea5fd | Status: SUCCESS | Message: Ticket scanned successfully. | Extra: {"child_id":34231829,"remaining":0}
[2026-08-15 05:10:44] Event: 50 | Ticket: 6a7d06bd8d438 | Status: SUCCESS | Message: Ticket scanned successfully. | Extra: {"child_id":303611,"remaining":0}
[2026-08-15 05:11:43] Event: 50 | Ticket: 6a7edb4653e8c | Status: SUCCESS | Message: Ticket scanned successfully. | Extra: {"child_id":34231830,"remaining":0}
[2026-08-15 05:12:47] Event: 50 | Ticket: 6a781884078cb | Status: SUCCESS | Message: Ticket scanned successfully. | Extra: {"child_id":303490,"remaining":0}
[2026-08-15 05:13:05] Event: 50 | Ticket: 6a7776018d9bd | Status: SUCCESS | Message: Ticket scanned successfully. | Extra: {"child_id":303452,"remaining":0}
[2026-08-15 05:13:06] Event: 50 | Ticket: 6a72b4e73eecd | Status: SUCCESS | Message: Ticket scanned successfully. | Extra: {"child_id":303375,"remaining":0}
[2026-08-15 05:13:19] Event: 50 | Ticket: 6a7cb06f1956c | Status: SUCCESS | Message: Ticket scanned successfully. | Extra: {"child_id":303595,"remaining":0}
[2026-08-15 05:13:21] Event: 50 | Ticket: 6a77f33c46cd7 | Status: SUCCESS | Message: Ticket scanned successfully. | Extra: {"child_id":303489,"remaining":0}
[2026-08-15 05:13:30] Event: 50 | Ticket: 6a7cbdc28d611 | Status: SUCCESS | Message: Ticket scanned successfully. | Extra: {"child_id":303596,"remaining":0}
[2026-08-15 05:13:32] Event: 50 | Ticket: 6a7d2d0d282bf | Status: SUCCESS | Message: Ticket scanned successfully. | Extra: {"child_id":303630,"remaining":0}
[2026-08-15 05:13:41] Event: 50 | Ticket: 6a7dde37ba1ce | Status: SUCCESS | Message: Ticket scanned successfully. | Extra: {"child_id":34231818,"remaining":0}
[2026-08-15 05:13:52] Event: 50 | Ticket: 6a7d21ebc52cd | Status: SUCCESS | Message: Ticket scanned successfully. | Extra: {"child_id":303618,"remaining":0}
[2026-08-15 05:13:56] Event: 50 | Ticket: 6a74198061c40 | Status: SUCCESS | Message: Ticket scanned successfully. | Extra: {"child_id":303397,"remaining":0}
[2026-08-15 05:14:07] Event: 50 | Ticket: 6a74198061ee0 | Status: SUCCESS | Message: Ticket scanned successfully. | Extra: {"child_id":303398,"remaining":0}
[2026-08-15 05:14:15] Event: 50 | Ticket: 6a74198061ff6 | Status: SUCCESS | Message: Ticket scanned successfully. | Extra: {"child_id":303399,"remaining":0}
[2026-08-15 05:14:38] Event: 50 | Ticket: 6a57f02eeb9f4 | Status: SUCCESS | Message: Ticket scanned successfully. | Extra: {"child_id":302701,"remaining":0}
[2026-08-15 05:18:06] Event: 50 | Ticket: 6a6d0c204b037 | Status: SUCCESS | Message: Ticket scanned successfully. | Extra: {"child_id":303276,"remaining":0}
[2026-08-15 05:18:50] Event: 50 | Ticket: 6a6717f3df19f | Status: SUCCESS | Message: Ticket scanned successfully. | Extra: {"child_id":303155,"remaining":0}
[2026-08-15 05:18:56] Event: 50 | Ticket: 6a57f05753be2 | Status: SUCCESS | Message: Ticket scanned successfully. | Extra: {"child_id":302704,"remaining":0}
[2026-08-15 05:19:00] Event: 50 | Ticket: 6a6717f3df892 | Status: SUCCESS | Message: Ticket scanned successfully. | Extra: {"child_id":303156,"remaining":0}
[2026-08-15 05:19:02] Event: 50 | Ticket: 6a57f05753878 | Status: SUCCESS | Message: Ticket scanned successfully. | Extra: {"child_id":302702,"remaining":0}
[2026-08-15 05:25:26] Event: 50 | Ticket: 6a57ef9d0a287 | Status: SUCCESS | Message: Ticket scanned successfully. | Extra: {"child_id":302685,"remaining":0}
[2026-08-15 05:27:08] Event: 50 | Ticket: 6a4dd81258aa3 | Status: SUCCESS | Message: Ticket scanned successfully. | Extra: {"child_id":302471,"remaining":0}
[2026-08-15 05:27:20] Event: 50 | Ticket: 6a4dd81259121 | Status: SUCCESS | Message: Ticket scanned successfully. | Extra: {"child_id":302472,"remaining":0}
[2026-08-15 05:28:11] Event: 50 | Ticket: 6a7fd655ec5d3 | Status: SUCCESS | Message: Ticket scanned successfully. | Extra: {"child_id":34231885,"remaining":0}
[2026-08-15 05:30:10] Event: 50 | Ticket: 6a7cf5057b0a7 | Status: SUCCESS | Message: Ticket scanned successfully. | Extra: {"child_id":303610,"remaining":0}
[2026-08-15 05:30:18] Event: 50 | Ticket: 6a7cf5057aecf | Status: SUCCESS | Message: Ticket scanned successfully. | Extra: {"child_id":303609,"remaining":0}
[2026-08-15 05:30:39] Event: 50 | Ticket: 6a7cf5057a697 | Status: SUCCESS | Message: Ticket scanned successfully. | Extra: {"child_id":303608,"remaining":0}
[2026-08-15 05:30:50] Event: 50 | Ticket: 6a7fccc55f562 | Status: SUCCESS | Message: Ticket scanned successfully. | Extra: {"child_id":34231883,"remaining":0}
[2026-08-15 05:32:57] Event: 50 | Ticket: 6a57ef9d0a35d | Status: SUCCESS | Message: Ticket scanned successfully. | Extra: {"child_id":302686,"remaining":0}
[2026-08-15 05:33:03] Event: 50 | Ticket: 6a4744a66042a | Status: SUCCESS | Message: Ticket scanned successfully. | Extra: {"child_id":302387,"remaining":0}
[2026-08-15 05:33:08] Event: 50 | Ticket: 6a57f0931a9f9 | Status: SUCCESS | Message: Ticket scanned successfully. | Extra: {"child_id":302715,"remaining":0}
[2026-08-15 05:33:29] Event: 50 | Ticket: 6a57f02eeb937 | Status: SUCCESS | Message: Ticket scanned successfully. | Extra: {"child_id":302700,"remaining":0}
[2026-08-15 05:33:34] Event: 50 | Ticket: 6a7432365d61f | Status: SUCCESS | Message: Ticket scanned successfully. | Extra: {"child_id":303402,"remaining":0}
[2026-08-15 05:34:39] Event: 50 | Ticket: 6a57ef9d0a728 | Status: SUCCESS | Message: Ticket scanned successfully. | Extra: {"child_id":302691,"remaining":0}
[2026-08-15 05:36:04] Event: 50 | Ticket: 6a7e7f7694894 | Status: SUCCESS | Message: Ticket scanned successfully. | Extra: {"child_id":34231825,"remaining":0}
[2026-08-15 05:43:51] Event: 50 | Ticket: 6a7fa2e3d7d06 | Status: SUCCESS | Message: Ticket scanned successfully. | Extra: {"child_id":34231852,"remaining":0}
[2026-08-15 05:43:58] Event: 50 | Ticket: 6a7fa2e3d8b79 | Status: SUCCESS | Message: Ticket scanned successfully. | Extra: {"child_id":34231853,"remaining":0}
[2026-08-15 05:44:08] Event: 50 | Ticket: 6a7fa2e3d8d52 | Status: SUCCESS | Message: Ticket scanned successfully. | Extra: {"child_id":34231854,"remaining":0}
[2026-08-15 05:45:19] Event: 50 | Ticket: 6a7d2d0d270ca | Status: SUCCESS | Message: Ticket scanned successfully. | Extra: {"child_id":303625,"remaining":0}
[2026-08-15 05:45:20] Event: 50 | Ticket: 6a7f52b8d0eb5 | Status: SUCCESS | Message: Ticket scanned successfully. | Extra: {"child_id":34231834,"remaining":0}
[2026-08-15 05:45:32] Event: 50 | Ticket: 6a7d2d0d27bc5 | Status: SUCCESS | Message: Ticket scanned successfully. | Extra: {"child_id":303626,"remaining":0}
[2026-08-15 05:45:46] Event: 50 | Ticket: 6a7d2d0d2810b | Status: SUCCESS | Message: Ticket scanned successfully. | Extra: {"child_id":303629,"remaining":0}
[2026-08-15 05:46:17] Event: 50 | Ticket: 6a4881ea748fe | Status: SUCCESS | Message: Ticket scanned successfully. | Extra: {"child_id":302390,"remaining":0}
[2026-08-15 05:47:49] Event: 50 | Ticket: 6a7d2d0d270ca | Status: FAILED | Message: Check-in limit exceeded! | Extra: {"child_id":303625}
[2026-08-15 05:47:54] Event: 50 | Ticket: 6a7d2d0d27bc5 | Status: FAILED | Message: Check-in limit exceeded! | Extra: {"child_id":303626}
[2026-08-15 05:47:59] Event: 50 | Ticket: 6a7d2d0d27dc8 | Status: SUCCESS | Message: Ticket scanned successfully. | Extra: {"child_id":303627,"remaining":0}
[2026-08-15 05:48:57] Event: 50 | Ticket: 6a429cda1165f | Status: SUCCESS | Message: Ticket scanned successfully. | Extra: {"child_id":302250,"remaining":0}
[2026-08-15 05:49:09] Event: 50 | Ticket: 6a57f0931ac13 | Status: SUCCESS | Message: Ticket scanned successfully. | Extra: {"child_id":302717,"remaining":0}
[2026-08-15 05:49:20] Event: 50 | Ticket: 6a57f02eeb878 | Status: SUCCESS | Message: Ticket scanned successfully. | Extra: {"child_id":302699,"remaining":0}
[2026-08-15 05:53:00] Event: 50 | Ticket: 6a57ef9d0a065 | Status: SUCCESS | Message: Ticket scanned successfully. | Extra: {"child_id":302683,"remaining":0}
[2026-08-15 05:53:06] Event: 50 | Ticket: 6a57ef9d09dbf | Status: SUCCESS | Message: Ticket scanned successfully. | Extra: {"child_id":302682,"remaining":0}
[2026-08-15 05:53:13] Event: 50 | Ticket: 6a57f05753acf | Status: SUCCESS | Message: Ticket scanned successfully. | Extra: {"child_id":302703,"remaining":0}
[2026-08-15 05:53:19] Event: 50 | Ticket: 6a431d35545a4 | Status: SUCCESS | Message: Ticket scanned successfully. | Extra: {"child_id":302304,"remaining":0}
[2026-08-15 05:53:26] Event: 50 | Ticket: 6a57f0931ad2c | Status: SUCCESS | Message: Ticket scanned successfully. | Extra: {"child_id":302718,"remaining":0}
[2026-08-15 06:05:47] Event: 50 | Ticket: 6a7b91a11fbe6 | Status: SUCCESS | Message: Ticket scanned successfully. | Extra: {"child_id":303573,"remaining":0}
[2026-08-15 06:05:51] Event: 50 | Ticket: 6a7b91a1202ff | Status: SUCCESS | Message: Ticket scanned successfully. | Extra: {"child_id":303574,"remaining":0}
[2026-08-15 06:08:47] Event: 50 | Ticket: 6a57ef9d0a15a | Status: SUCCESS | Message: Ticket scanned successfully. | Extra: {"child_id":302684,"remaining":0}
[2026-08-15 06:10:02] Event: 50 | Ticket: 6a4f18d81796b | Status: SUCCESS | Message: Ticket scanned successfully. | Extra: {"child_id":302473,"remaining":0}
[2026-08-15 06:17:17] Event: 50 | Ticket: 12024944 | Status: FAILED | Message: Ticket or seat not found. | Extra: []
[2026-08-15 06:20:47] Event: 50 | Ticket: 6a7ea0f39c7aa | Status: SUCCESS | Message: Ticket scanned successfully. | Extra: {"child_id":34231826,"remaining":0}
[2026-08-15 06:38:32] Event: 50 | Ticket: 6a703b42e0878 | Status: SUCCESS | Message: Ticket scanned successfully. | Extra: {"child_id":303347,"remaining":0}
[2026-08-15 06:57:36] Event: 50 | Ticket: 6a7fe6b057091 | Status: SUCCESS | Message: Ticket scanned successfully. | Extra: {"child_id":34231888,"remaining":0}
[2026-08-15 06:59:33] Event: 50 | Ticket: 6a7d2d0d27f2a | Status: SUCCESS | Message: Ticket scanned successfully. | Extra: {"child_id":303628,"remaining":0}
[2026-08-15 18:21:24] Event: 55 | Ticket: 6a77863203e64 | Status: SUCCESS | Message: Ticket scanned successfully. | Extra: {"child_id":303469,"remaining":1}
[2026-08-15 18:27:03] Event: 55 | Ticket: 6a7c9c2b40c35 | Status: SUCCESS | Message: Ticket scanned successfully. | Extra: {"child_id":303590,"remaining":0}
[2026-08-15 18:27:08] Event: 55 | Ticket: 6a7c9c2b40c35 | Status: FAILED | Message: Check-in limit exceeded! | Extra: {"child_id":303590}
[2026-08-15 18:27:16] Event: 55 | Ticket: 6a7c9c2b404b0 | Status: SUCCESS | Message: Ticket scanned successfully. | Extra: {"child_id":303589,"remaining":0}
[2026-08-15 18:31:10] Event: 55 | Ticket: 6a720c2401b53 | Status: SUCCESS | Message: Ticket scanned successfully. | Extra: {"child_id":303366,"remaining":0}
[2026-08-15 18:31:25] Event: 55 | Ticket: 6a720c2401dbe | Status: SUCCESS | Message: Ticket scanned successfully. | Extra: {"child_id":303367,"remaining":0}
[2026-08-15 18:31:28] Event: 55 | Ticket: 6a720c2401efc | Status: SUCCESS | Message: Ticket scanned successfully. | Extra: {"child_id":303368,"remaining":0}
[2026-08-15 18:31:33] Event: 55 | Ticket: 6a720c2401efc | Status: FAILED | Message: Check-in limit exceeded! | Extra: {"child_id":303368}
[2026-08-15 18:31:38] Event: 55 | Ticket: 6a720c2401efc | Status: FAILED | Message: Check-in limit exceeded! | Extra: {"child_id":303368}
[2026-08-15 18:31:46] Event: 55 | Ticket: 6a720c2401b53 | Status: FAILED | Message: Check-in limit exceeded! | Extra: {"child_id":303366}
[2026-08-15 18:31:49] Event: 55 | Ticket: 6a720c2401dbe | Status: FAILED | Message: Check-in limit exceeded! | Extra: {"child_id":303367}
[2026-08-15 18:31:53] Event: 55 | Ticket: 6a720c2401efc | Status: FAILED | Message: Check-in limit exceeded! | Extra: {"child_id":303368}
[2026-08-15 18:32:09] Event: 55 | Ticket: 6a6c2f1abf88b | Status: SUCCESS | Message: Ticket scanned successfully. | Extra: {"child_id":303235,"remaining":0}
[2026-08-15 18:32:16] Event: 55 | Ticket: 6a6c2f1abf9c7 | Status: SUCCESS | Message: Ticket scanned successfully. | Extra: {"child_id":303236,"remaining":0}
[2026-08-15 18:32:25] Event: 55 | Ticket: 6a6c2f1abfab9 | Status: SUCCESS | Message: Ticket scanned successfully. | Extra: {"child_id":303237,"remaining":0}
[2026-08-15 18:32:34] Event: 55 | Ticket: 6a6c2f1abf17c | Status: SUCCESS | Message: Ticket scanned successfully. | Extra: {"child_id":303234,"remaining":0}
[2026-08-15 18:32:43] Event: 55 | Ticket: 6a792c69463ea | Status: SUCCESS | Message: Ticket scanned successfully. | Extra: {"child_id":303503,"remaining":0}
[2026-08-15 18:32:52] Event: 55 | Ticket: 6a792c6946c5e | Status: SUCCESS | Message: Ticket scanned successfully. | Extra: {"child_id":303504,"remaining":0}
[2026-08-15 18:32:57] Event: 55 | Ticket: 6a792c6946dab | Status: SUCCESS | Message: Ticket scanned successfully. | Extra: {"child_id":303505,"remaining":0}
[2026-08-15 18:33:01] Event: 55 | Ticket: 6a792c69470bb | Status: SUCCESS | Message: Ticket scanned successfully. | Extra: {"child_id":303506,"remaining":0}
[2026-08-15 18:35:13] Event: 55 | Ticket: 6a6bcccf5a270 | Status: SUCCESS | Message: Ticket scanned successfully. | Extra: {"child_id":303216,"remaining":0}
[2026-08-15 18:35:19] Event: 55 | Ticket: 6a6bcccf5aa35 | Status: SUCCESS | Message: Ticket scanned successfully. | Extra: {"child_id":303217,"remaining":0}
[2026-08-15 18:35:22] Event: 55 | Ticket: 6a6bcccf5abaf | Status: SUCCESS | Message: Ticket scanned successfully. | Extra: {"child_id":303218,"remaining":0}
[2026-08-15 18:35:25] Event: 55 | Ticket: 6a6bcccf5acd6 | Status: SUCCESS | Message: Ticket scanned successfully. | Extra: {"child_id":303219,"remaining":0}
[2026-08-15 18:36:51] Event: 55 | Ticket: 6a7a5cc557f58 | Status: SUCCESS | Message: Ticket scanned successfully. | Extra: {"child_id":303521,"remaining":0}
[2026-08-15 18:36:54] Event: 55 | Ticket: 6a7a5cc5582ad | Status: SUCCESS | Message: Ticket scanned successfully. | Extra: {"child_id":303522,"remaining":0}
[2026-08-15 18:36:57] Event: 55 | Ticket: 6a7a5cc558485 | Status: SUCCESS | Message: Ticket scanned successfully. | Extra: {"child_id":303523,"remaining":0}
[2026-08-15 18:38:41] Event: 55 | Ticket: 6a6bc9ea0462b | Status: SUCCESS | Message: Ticket scanned successfully. | Extra: {"child_id":303215,"remaining":0}
[2026-08-15 18:38:46] Event: 55 | Ticket: 6a6bc9ea0462b | Status: FAILED | Message: Check-in limit exceeded! | Extra: {"child_id":303215}
[2026-08-15 18:38:48] Event: 55 | Ticket: 6a6bc9ea044c4 | Status: SUCCESS | Message: Ticket scanned successfully. | Extra: {"child_id":303214,"remaining":0}
[2026-08-15 18:38:51] Event: 55 | Ticket: 6a6bc9ea04143 | Status: SUCCESS | Message: Ticket scanned successfully. | Extra: {"child_id":303213,"remaining":0}
[2026-08-15 18:38:55] Event: 55 | Ticket: 6a6bc9ea03e5f | Status: SUCCESS | Message: Ticket scanned successfully. | Extra: {"child_id":303212,"remaining":0}
[2026-08-15 18:39:11] Event: 55 | Ticket: 6a7bdd7ae4348 | Status: SUCCESS | Message: Ticket scanned successfully. | Extra: {"child_id":303582,"remaining":0}
[2026-08-15 18:39:23] Event: 55 | Ticket: 6a7bdd7ae4ad1 | Status: SUCCESS | Message: Ticket scanned successfully. | Extra: {"child_id":303583,"remaining":0}
[2026-08-15 18:40:53] Event: 55 | Ticket: 6a7fcb744b6bb | Status: SUCCESS | Message: Ticket scanned successfully. | Extra: {"child_id":34231868,"remaining":0}
[2026-08-15 18:40:59] Event: 55 | Ticket: 6a7fcb744bb42 | Status: SUCCESS | Message: Ticket scanned successfully. | Extra: {"child_id":34231869,"remaining":0}
[2026-08-15 18:41:04] Event: 55 | Ticket: 6a7fcb744bb42 | Status: FAILED | Message: Check-in limit exceeded! | Extra: {"child_id":34231869}
[2026-08-15 18:41:12] Event: 55 | Ticket: 6a7fcb744bde5 | Status: SUCCESS | Message: Ticket scanned successfully. | Extra: {"child_id":34231870,"remaining":0}
[2026-08-15 18:41:17] Event: 55 | Ticket: 6a7fcb744c04d | Status: SUCCESS | Message: Ticket scanned successfully. | Extra: {"child_id":34231871,"remaining":0}
[2026-08-15 18:41:21] Event: 55 | Ticket: 6a7fcb744c294 | Status: SUCCESS | Message: Ticket scanned successfully. | Extra: {"child_id":34231872,"remaining":0}
[2026-08-15 18:41:25] Event: 55 | Ticket: 6a70a35e16e71 | Status: SUCCESS | Message: Ticket scanned successfully. | Extra: {"child_id":303348,"remaining":0}
[2026-08-15 18:41:27] Event: 55 | Ticket: 6a7fcb744c46f | Status: SUCCESS | Message: Ticket scanned successfully. | Extra: {"child_id":34231873,"remaining":0}
[2026-08-15 18:41:30] Event: 55 | Ticket: 6a70a35e175bd | Status: SUCCESS | Message: Ticket scanned successfully. | Extra: {"child_id":303349,"remaining":0}
[2026-08-15 18:41:32] Event: 55 | Ticket: 6a7fcb744c806 | Status: SUCCESS | Message: Ticket scanned successfully. | Extra: {"child_id":34231874,"remaining":0}
[2026-08-15 18:41:34] Event: 55 | Ticket: 6a70a35e17754 | Status: SUCCESS | Message: Ticket scanned successfully. | Extra: {"child_id":303350,"remaining":0}
[2026-08-15 18:41:36] Event: 55 | Ticket: 6a7fcb744c9d8 | Status: SUCCESS | Message: Ticket scanned successfully. | Extra: {"child_id":34231875,"remaining":0}
[2026-08-15 18:41:41] Event: 55 | Ticket: 6a7fcb744cc04 | Status: SUCCESS | Message: Ticket scanned successfully. | Extra: {"child_id":34231876,"remaining":0}
[2026-08-15 18:41:45] Event: 55 | Ticket: 6a7fcb744ce65 | Status: SUCCESS | Message: Ticket scanned successfully. | Extra: {"child_id":34231877,"remaining":0}
[2026-08-15 18:42:38] Event: 55 | Ticket: 6a6bc851bf632 | Status: SUCCESS | Message: Ticket scanned successfully. | Extra: {"child_id":303208,"remaining":0}
[2026-08-15 18:42:41] Event: 55 | Ticket: 6a6bc851bfc8b | Status: SUCCESS | Message: Ticket scanned successfully. | Extra: {"child_id":303209,"remaining":0}
[2026-08-15 18:42:43] Event: 55 | Ticket: 6a6bc851bfe1b | Status: SUCCESS | Message: Ticket scanned successfully. | Extra: {"child_id":303210,"remaining":0}
[2026-08-15 18:42:46] Event: 55 | Ticket: 6a6bc851bff2c | Status: SUCCESS | Message: Ticket scanned successfully. | Extra: {"child_id":303211,"remaining":0}
[2026-08-15 18:42:47] Event: 55 | Ticket: 6a6bc851bfe1b | Status: FAILED | Message: Check-in limit exceeded! | Extra: {"child_id":303210}
[2026-08-15 18:42:47] Event: 55 | Ticket: 6a6bc851bff2c | Status: FAILED | Message: Check-in limit exceeded! | Extra: {"child_id":303211}
[2026-08-15 18:42:49] Event: 55 | Ticket: 12003215 | Status: FAILED | Message: Ticket or seat not found. | Extra: []
[2026-08-15 18:43:21] Event: 55 | Ticket: 6a7fcc0e3912b | Status: SUCCESS | Message: Ticket scanned successfully. | Extra: {"child_id":34231881,"remaining":0}
[2026-08-15 18:43:26] Event: 55 | Ticket: 6a7fcc0e38f7b | Status: SUCCESS | Message: Ticket scanned successfully. | Extra: {"child_id":34231880,"remaining":0}
[2026-08-15 18:43:32] Event: 55 | Ticket: 6a7fcc0e38d8b | Status: SUCCESS | Message: Ticket scanned successfully. | Extra: {"child_id":34231879,"remaining":0}
[2026-08-15 18:43:38] Event: 55 | Ticket: 6a7fcc0e38a3c | Status: SUCCESS | Message: Ticket scanned successfully. | Extra: {"child_id":34231878,"remaining":0}
[2026-08-15 18:43:44] Event: 55 | Ticket: 6a7fcc0e38a3c | Status: FAILED | Message: Check-in limit exceeded! | Extra: {"child_id":34231878}
[2026-08-15 18:44:15] Event: 55 | Ticket: 6a6bdb83036f7 | Status: SUCCESS | Message: Ticket scanned successfully. | Extra: {"child_id":303227,"remaining":0}
[2026-08-15 18:44:19] Event: 55 | Ticket: 6a6bdb8303a7c | Status: SUCCESS | Message: Ticket scanned successfully. | Extra: {"child_id":303228,"remaining":0}
[2026-08-15 18:44:21] Event: 55 | Ticket: 6a6bdb8303b64 | Status: SUCCESS | Message: Ticket scanned successfully. | Extra: {"child_id":303229,"remaining":0}
[2026-08-15 18:44:46] Event: 55 | Ticket: 6a6fb05c15959 | Status: SUCCESS | Message: Ticket scanned successfully. | Extra: {"child_id":303334,"remaining":0}
[2026-08-15 18:44:51] Event: 55 | Ticket: 6a6fb05c16052 | Status: SUCCESS | Message: Ticket scanned successfully. | Extra: {"child_id":303335,"remaining":0}
[2026-08-15 18:44:52] Event: 55 | Ticket: 6a7fcc0e392cc | Status: SUCCESS | Message: Ticket scanned successfully. | Extra: {"child_id":34231882,"remaining":0}
[2026-08-15 18:44:53] Event: 55 | Ticket: 6a6fb05c16254 | Status: SUCCESS | Message: Ticket scanned successfully. | Extra: {"child_id":303336,"remaining":0}
[2026-08-15 18:44:56] Event: 55 | Ticket: 6a6fb05c1637d | Status: SUCCESS | Message: Ticket scanned successfully. | Extra: {"child_id":303337,"remaining":0}
[2026-08-15 18:44:58] Event: 55 | Ticket: 6a6fb05c16584 | Status: SUCCESS | Message: Ticket scanned successfully. | Extra: {"child_id":303338,"remaining":0}
[2026-08-15 18:44:59] Event: 55 | Ticket: 6a7fd9493016f | Status: SUCCESS | Message: Ticket scanned successfully. | Extra: {"child_id":34231886,"remaining":0}
[2026-08-15 18:45:07] Event: 55 | Ticket: 6a7fd94930772 | Status: SUCCESS | Message: Ticket scanned successfully. | Extra: {"child_id":34231887,"remaining":0}
[2026-08-15 18:45:07] Event: 55 | Ticket: 6a7c9c2b40e4e | Status: SUCCESS | Message: Ticket scanned successfully. | Extra: {"child_id":303591,"remaining":0}
[2026-08-15 18:45:10] Event: 55 | Ticket: 6a7c9c2b40f99 | Status: SUCCESS | Message: Ticket scanned successfully. | Extra: {"child_id":303592,"remaining":0}
[2026-08-15 18:46:52] Event: 55 | Ticket: 6a6d5d067938d | Status: SUCCESS | Message: Ticket scanned successfully. | Extra: {"child_id":303282,"remaining":0}
[2026-08-15 18:47:01] Event: 55 | Ticket: 6a6d5d0679c05 | Status: SUCCESS | Message: Ticket scanned successfully. | Extra: {"child_id":303283,"remaining":0}
[2026-08-15 18:47:08] Event: 55 | Ticket: 6a6d5d0679d44 | Status: SUCCESS | Message: Ticket scanned successfully. | Extra: {"child_id":303284,"remaining":0}
[2026-08-15 18:51:37] Event: 55 | Ticket: 6a77853278b6f | Status: SUCCESS | Message: Ticket scanned successfully. | Extra: {"child_id":303458,"remaining":0}
[2026-08-15 18:51:41] Event: 55 | Ticket: 6a77853278eef | Status: SUCCESS | Message: Ticket scanned successfully. | Extra: {"child_id":303459,"remaining":0}
[2026-08-15 18:51:43] Event: 55 | Ticket: 6a778532790b4 | Status: SUCCESS | Message: Ticket scanned successfully. | Extra: {"child_id":303460,"remaining":0}
[2026-08-15 18:51:46] Event: 55 | Ticket: 6a778532791fa | Status: SUCCESS | Message: Ticket scanned successfully. | Extra: {"child_id":303461,"remaining":0}
[2026-08-15 18:51:48] Event: 55 | Ticket: 6a7785327935a | Status: SUCCESS | Message: Ticket scanned successfully. | Extra: {"child_id":303462,"remaining":0}
[2026-08-15 18:52:17] Event: 55 | Ticket: 6a7a3efe84d59 | Status: SUCCESS | Message: Ticket scanned successfully. | Extra: {"child_id":303515,"remaining":0}
[2026-08-15 18:52:22] Event: 55 | Ticket: 6a7a3efe84f61 | Status: SUCCESS | Message: Ticket scanned successfully. | Extra: {"child_id":303516,"remaining":0}
[2026-08-15 18:52:25] Event: 55 | Ticket: 6a7a3efe85084 | Status: SUCCESS | Message: Ticket scanned successfully. | Extra: {"child_id":303517,"remaining":0}
[2026-08-15 18:52:27] Event: 55 | Ticket: 6a7a3efe85147 | Status: SUCCESS | Message: Ticket scanned successfully. | Extra: {"child_id":303518,"remaining":0}
[2026-08-15 18:53:43] Event: 55 | Ticket: 6a7b213c8f133 | Status: SUCCESS | Message: Ticket scanned successfully. | Extra: {"child_id":303558,"remaining":0}
[2026-08-15 18:53:45] Event: 55 | Ticket: 6a7b213c8fa21 | Status: SUCCESS | Message: Ticket scanned successfully. | Extra: {"child_id":303559,"remaining":0}
[2026-08-15 18:53:50] Event: 55 | Ticket: 6a7b213c8fa21 | Status: FAILED | Message: Check-in limit exceeded! | Extra: {"child_id":303559}
[2026-08-15 18:53:53] Event: 55 | Ticket: 6a7b213c8feb5 | Status: SUCCESS | Message: Ticket scanned successfully. | Extra: {"child_id":303560,"remaining":0}
[2026-08-15 18:55:13] Event: 55 | Ticket: 6a73f54879661 | Status: SUCCESS | Message: Ticket scanned successfully. | Extra: {"child_id":303392,"remaining":0}
[2026-08-15 18:55:15] Event: 55 | Ticket: 6a73f54879fe9 | Status: SUCCESS | Message: Ticket scanned successfully. | Extra: {"child_id":303393,"remaining":0}
[2026-08-15 18:55:17] Event: 55 | Ticket: 6a73f5487a155 | Status: SUCCESS | Message: Ticket scanned successfully. | Extra: {"child_id":303394,"remaining":0}
[2026-08-15 18:57:37] Event: 55 | Ticket: 6a7014af97bb6 | Status: SUCCESS | Message: Ticket scanned successfully. | Extra: {"child_id":303346,"remaining":0}
[2026-08-15 18:57:41] Event: 55 | Ticket: 6a7014af97a2e | Status: SUCCESS | Message: Ticket scanned successfully. | Extra: {"child_id":303345,"remaining":0}
[2026-08-15 18:57:45] Event: 55 | Ticket: 6a7014af9715c | Status: SUCCESS | Message: Ticket scanned successfully. | Extra: {"child_id":303344,"remaining":0}
[2026-08-15 19:00:21] Event: 55 | Ticket: 6a6bda34b6374 | Status: SUCCESS | Message: Ticket scanned successfully. | Extra: {"child_id":303224,"remaining":0}
[2026-08-15 19:00:24] Event: 55 | Ticket: 6a7b7f88a1187 | Status: SUCCESS | Message: Ticket scanned successfully. | Extra: {"child_id":303570,"remaining":0}
[2026-08-15 19:00:25] Event: 55 | Ticket: 6a6bda34b651a | Status: SUCCESS | Message: Ticket scanned successfully. | Extra: {"child_id":303225,"remaining":0}
[2026-08-15 19:00:27] Event: 55 | Ticket: 6a7b7f88a17f2 | Status: SUCCESS | Message: Ticket scanned successfully. | Extra: {"child_id":303571,"remaining":0}
[2026-08-15 19:00:29] Event: 55 | Ticket: 6a7b7f88a1945 | Status: SUCCESS | Message: Ticket scanned successfully. | Extra: {"child_id":303572,"remaining":0}
[2026-08-15 19:00:29] Event: 55 | Ticket: 6a6bda34b6654 | Status: SUCCESS | Message: Ticket scanned successfully. | Extra: {"child_id":303226,"remaining":0}
[2026-08-15 19:00:31] Event: 55 | Ticket: 6a6bda34b5a78 | Status: SUCCESS | Message: Ticket scanned successfully. | Extra: {"child_id":303223,"remaining":0}
[2026-08-15 19:00:41] Event: 55 | Ticket: 6a7f8e453d8e0 | Status: SUCCESS | Message: Ticket scanned successfully. | Extra: {"child_id":34231851,"remaining":0}
[2026-08-15 19:00:47] Event: 55 | Ticket: 6a7f8e453d8e0 | Status: FAILED | Message: Check-in limit exceeded! | Extra: {"child_id":34231851}
[2026-08-15 19:00:51] Event: 55 | Ticket: 6a7f8e453d8e0 | Status: FAILED | Message: Check-in limit exceeded! | Extra: {"child_id":34231851}
[2026-08-15 19:00:57] Event: 55 | Ticket: 6a7f8e453d0ec | Status: SUCCESS | Message: Ticket scanned successfully. | Extra: {"child_id":34231850,"remaining":0}
[2026-08-15 19:01:20] Event: 55 | Ticket: 6a7a5eaa51e58 | Status: SUCCESS | Message: Ticket scanned successfully. | Extra: {"child_id":303536,"remaining":0}
[2026-08-15 19:01:23] Event: 55 | Ticket: 6a7a5eaa51bd7 | Status: SUCCESS | Message: Ticket scanned successfully. | Extra: {"child_id":303535,"remaining":0}
[2026-08-15 19:01:33] Event: 55 | Ticket: 6a78cf3f81b1a | Status: SUCCESS | Message: Ticket scanned successfully. | Extra: {"child_id":303496,"remaining":0}
[2026-08-15 19:01:36] Event: 55 | Ticket: 6a78cf3f8223b | Status: SUCCESS | Message: Ticket scanned successfully. | Extra: {"child_id":303497,"remaining":0}
[2026-08-15 19:01:43] Event: 55 | Ticket: 6a78cf3f82367 | Status: SUCCESS | Message: Ticket scanned successfully. | Extra: {"child_id":303498,"remaining":0}
[2026-08-15 19:01:45] Event: 55 | Ticket: 6a78cf3f824e8 | Status: SUCCESS | Message: Ticket scanned successfully. | Extra: {"child_id":303499,"remaining":0}
[2026-08-15 19:06:11] Event: 55 | Ticket: 6a7d0b2b29800 | Status: SUCCESS | Message: Ticket scanned successfully. | Extra: {"child_id":303613,"remaining":0}
[2026-08-15 19:07:01] Event: 55 | Ticket: 6a7d0b2b29d34 | Status: SUCCESS | Message: Ticket scanned successfully. | Extra: {"child_id":303614,"remaining":0}
[2026-08-15 19:09:04] Event: 55 | Ticket: 6a80b8db0f1f8 | Status: SUCCESS | Message: Ticket scanned successfully. | Extra: {"child_id":34231893,"remaining":0}
[2026-08-16 20:18:49] Event: 54 | Ticket: 6a82146af37fd | Status: SUCCESS | Message: Ticket scanned successfully. | Extra: {"child_id":34231947,"remaining":0}
[2026-08-17 00:26:57] Event: 54 | Ticket: 6a7603f08eaa2 | Status: SUCCESS | Message: Ticket scanned successfully. | Extra: {"child_id":303423,"remaining":0}
[2026-08-17 00:27:57] Event: 54 | Ticket: 6a74bb295cce1 | Status: SUCCESS | Message: Ticket scanned successfully. | Extra: {"child_id":303405,"remaining":0}
[2026-08-17 00:28:29] Event: 54 | Ticket: 6a74bb295cce1 | Status: FAILED | Message: Check-in limit exceeded! | Extra: {"child_id":303405}
[2026-08-17 00:28:36] Event: 54 | Ticket: 6a74bb295cce1 | Status: FAILED | Message: Check-in limit exceeded! | Extra: {"child_id":303405}
[2026-08-17 00:29:17] Event: 54 | Ticket: 6a74bb295cce1 | Status: FAILED | Message: Check-in limit exceeded! | Extra: {"child_id":303405}
[2026-08-17 00:29:36] Event: 54 | Ticket: 6a820a729d39d | Status: SUCCESS | Message: Ticket scanned successfully. | Extra: {"child_id":34231934,"remaining":0}
[2026-08-17 00:29:47] Event: 54 | Ticket: 6a820a729d56f | Status: SUCCESS | Message: Ticket scanned successfully. | Extra: {"child_id":34231935,"remaining":0}
[2026-08-17 00:29:57] Event: 54 | Ticket: 6a820a729d39d | Status: FAILED | Message: Check-in limit exceeded! | Extra: {"child_id":34231934}
[2026-08-17 00:30:02] Event: 54 | Ticket: 6a820a729d19f | Status: SUCCESS | Message: Ticket scanned successfully. | Extra: {"child_id":34231933,"remaining":0}
[2026-08-17 00:30:11] Event: 54 | Ticket: 6a6e2be1828db | Status: SUCCESS | Message: Ticket scanned successfully. | Extra: {"child_id":303294,"remaining":0}
[2026-08-17 00:30:11] Event: 54 | Ticket: 6a820a729cd79 | Status: SUCCESS | Message: Ticket scanned successfully. | Extra: {"child_id":34231932,"remaining":0}
[2026-08-17 00:30:16] Event: 54 | Ticket: 6a6e2be182cad | Status: SUCCESS | Message: Ticket scanned successfully. | Extra: {"child_id":303295,"remaining":0}
[2026-08-17 00:30:20] Event: 54 | Ticket: 6a6e2be182ecd | Status: SUCCESS | Message: Ticket scanned successfully. | Extra: {"child_id":303297,"remaining":0}
[2026-08-17 00:30:25] Event: 54 | Ticket: 6a6e2be182df3 | Status: SUCCESS | Message: Ticket scanned successfully. | Extra: {"child_id":303296,"remaining":0}
[2026-08-17 00:30:32] Event: 54 | Ticket: 6a6e2be183000 | Status: SUCCESS | Message: Ticket scanned successfully. | Extra: {"child_id":303298,"remaining":0}
[2026-08-17 00:30:40] Event: 54 | Ticket: 6a6e2be183000 | Status: FAILED | Message: Check-in limit exceeded! | Extra: {"child_id":303298}
[2026-08-17 00:30:45] Event: 54 | Ticket: 6a6e2be183000 | Status: FAILED | Message: Check-in limit exceeded! | Extra: {"child_id":303298}
[2026-08-17 00:30:51] Event: 54 | Ticket: 6a6e2be183132 | Status: SUCCESS | Message: Ticket scanned successfully. | Extra: {"child_id":303299,"remaining":0}
[2026-08-17 00:35:18] Event: 54 | Ticket: 6a82201b76279 | Status: SUCCESS | Message: Ticket scanned successfully. | Extra: {"child_id":34231952,"remaining":0}
[2026-08-17 00:35:42] Event: 54 | Ticket: 6a808ec9a9dad | Status: SUCCESS | Message: Ticket scanned successfully. | Extra: {"child_id":34231890,"remaining":0}
[2026-08-17 00:36:11] Event: 54 | Ticket: 6a808ec9a9dad | Status: FAILED | Message: Check-in limit exceeded! | Extra: {"child_id":34231890}
[2026-08-17 00:36:24] Event: 54 | Ticket: 6a808ec9a9dad | Status: FAILED | Message: Check-in limit exceeded! | Extra: {"child_id":34231890}
[2026-08-17 00:36:29] Event: 54 | Ticket: 6a808ec9a9dad | Status: FAILED | Message: Check-in limit exceeded! | Extra: {"child_id":34231890}
[2026-08-17 00:36:31] Event: 54 | Ticket: 6a808ec9aa613 | Status: SUCCESS | Message: Ticket scanned successfully. | Extra: {"child_id":34231891,"remaining":0}
[2026-08-17 00:36:34] Event: 54 | Ticket: 6a808ec9a9dad | Status: FAILED | Message: Check-in limit exceeded! | Extra: {"child_id":34231890}
[2026-08-17 00:36:35] Event: 54 | Ticket: 6a808ec9aa613 | Status: FAILED | Message: Check-in limit exceeded! | Extra: {"child_id":34231891}
[2026-08-17 00:36:38] Event: 54 | Ticket: 6a808ec9a9dad | Status: FAILED | Message: Check-in limit exceeded! | Extra: {"child_id":34231890}
[2026-08-17 00:36:40] Event: 54 | Ticket: 6a808ec9aa613 | Status: FAILED | Message: Check-in limit exceeded! | Extra: {"child_id":34231891}
[2026-08-17 00:36:41] Event: 54 | Ticket: 6a808ec9a9dad | Status: FAILED | Message: Check-in limit exceeded! | Extra: {"child_id":34231890}
[2026-08-17 00:36:49] Event: 54 | Ticket: 6a82558b738b6 | Status: SUCCESS | Message: Ticket scanned successfully. | Extra: {"child_id":34231968,"remaining":0}
[2026-08-17 00:36:51] Event: 54 | Ticket: 6a82558b73c14 | Status: SUCCESS | Message: Ticket scanned successfully. | Extra: {"child_id":34231969,"remaining":0}
[2026-08-17 00:37:20] Event: 54 | Ticket: 6a5d9c7785161 | Status: SUCCESS | Message: Ticket scanned successfully. | Extra: {"child_id":302794,"remaining":null}
[2026-08-17 00:37:27] Event: 54 | Ticket: 6a5575a9b4bde | Status: SUCCESS | Message: Ticket scanned successfully. | Extra: {"child_id":302569,"remaining":null}
[2026-08-17 00:37:30] Event: 54 | Ticket: 6a5544a83c449 | Status: SUCCESS | Message: Ticket scanned successfully. | Extra: {"child_id":302556,"remaining":null}
[2026-08-17 00:37:34] Event: 54 | Ticket: 6a5575a9b4389 | Status: SUCCESS | Message: Ticket scanned successfully. | Extra: {"child_id":302568,"remaining":null}
[2026-08-17 00:39:11] Event: 54 | Ticket: 6a6ccd1ef3afc | Status: SUCCESS | Message: Ticket scanned successfully. | Extra: {"child_id":303244,"remaining":0}
[2026-08-17 00:39:14] Event: 54 | Ticket: 6a6ccd1ef3c04 | Status: SUCCESS | Message: Ticket scanned successfully. | Extra: {"child_id":303245,"remaining":0}
[2026-08-17 00:39:19] Event: 54 | Ticket: 6a6ccd1ef3c04 | Status: FAILED | Message: Check-in limit exceeded! | Extra: {"child_id":303245}
[2026-08-17 00:39:28] Event: 54 | Ticket: 6a7762454c27c | Status: SUCCESS | Message: Ticket scanned successfully. | Extra: {"child_id":303444,"remaining":0}
[2026-08-17 00:39:34] Event: 54 | Ticket: 6a8153ebc816d | Status: SUCCESS | Message: Ticket scanned successfully. | Extra: {"child_id":34231928,"remaining":0}
[2026-08-17 00:39:38] Event: 54 | Ticket: 6a8153ebc8bbc | Status: SUCCESS | Message: Ticket scanned successfully. | Extra: {"child_id":34231929,"remaining":0}
[2026-08-17 00:39:40] Event: 54 | Ticket: 6a5650a54506b | Status: SUCCESS | Message: Ticket scanned successfully. | Extra: {"child_id":302591,"remaining":null}
[2026-08-17 00:39:40] Event: 54 | Ticket: 6a6ccd1ef3c04 | Status: FAILED | Message: Check-in limit exceeded! | Extra: {"child_id":303245}
[2026-08-17 00:39:50] Event: 54 | Ticket: 6a6eae2ccb019 | Status: SUCCESS | Message: Ticket scanned successfully. | Extra: {"child_id":303320,"remaining":null}
[2026-08-17 00:39:55] Event: 54 | Ticket: 6a5650a545792 | Status: SUCCESS | Message: Ticket scanned successfully. | Extra: {"child_id":302592,"remaining":null}
[2026-08-17 00:40:13] Event: 54 | Ticket: 6a64fdbd2580a | Status: SUCCESS | Message: Ticket scanned successfully. | Extra: {"child_id":303140,"remaining":null}
[2026-08-17 00:40:18] Event: 54 | Ticket: 6a82373b11a05 | Status: SUCCESS | Message: Ticket scanned successfully. | Extra: {"child_id":34231965,"remaining":0}
[2026-08-17 00:40:20] Event: 54 | Ticket: 6a6128eda34b3 | Status: SUCCESS | Message: Ticket scanned successfully. | Extra: {"child_id":303070,"remaining":null}
[2026-08-17 00:40:21] Event: 54 | Ticket: 6a6128eda31d4 | Status: SUCCESS | Message: Ticket scanned successfully. | Extra: {"child_id":303069,"remaining":null}
[2026-08-17 00:40:26] Event: 54 | Ticket: 6a82373b12019 | Status: SUCCESS | Message: Ticket scanned successfully. | Extra: {"child_id":34231966,"remaining":0}
[2026-08-17 00:40:28] Event: 54 | Ticket: 6a6128eda307a | Status: SUCCESS | Message: Ticket scanned successfully. | Extra: {"child_id":303068,"remaining":null}
[2026-08-17 00:40:31] Event: 54 | Ticket: 6a6128eda2879 | Status: SUCCESS | Message: Ticket scanned successfully. | Extra: {"child_id":303067,"remaining":null}
[2026-08-17 00:40:32] Event: 54 | Ticket: 6a8213e1007cc | Status: SUCCESS | Message: Ticket scanned successfully. | Extra: {"child_id":34231939,"remaining":0}
[2026-08-17 00:40:50] Event: 54 | Ticket: 6a6ccd1ef3d0a | Status: SUCCESS | Message: Ticket scanned successfully. | Extra: {"child_id":303246,"remaining":0}
[2026-08-17 00:40:55] Event: 54 | Ticket: 6a6ccd1ef3d0a | Status: FAILED | Message: Check-in limit exceeded! | Extra: {"child_id":303246}
[2026-08-17 00:41:04] Event: 54 | Ticket: 6a6ccd1ef3d0a | Status: FAILED | Message: Check-in limit exceeded! | Extra: {"child_id":303246}
[2026-08-17 00:41:09] Event: 54 | Ticket: 6a6ccd1ef3d0a | Status: FAILED | Message: Check-in limit exceeded! | Extra: {"child_id":303246}
[2026-08-17 00:41:14] Event: 54 | Ticket: 6a6ccd1ef3d0a | Status: FAILED | Message: Check-in limit exceeded! | Extra: {"child_id":303246}
[2026-08-17 00:41:24] Event: 54 | Ticket: 6a6ccd1ef3d0a | Status: FAILED | Message: Check-in limit exceeded! | Extra: {"child_id":303246}
[2026-08-17 00:41:29] Event: 54 | Ticket: 6a6ccd1ef3d0a | Status: FAILED | Message: Check-in limit exceeded! | Extra: {"child_id":303246}
[2026-08-17 00:41:34] Event: 54 | Ticket: 6a6ccd1ef3d0a | Status: FAILED | Message: Check-in limit exceeded! | Extra: {"child_id":303246}
[2026-08-17 00:41:39] Event: 54 | Ticket: 6a6ccd1ef3d0a | Status: FAILED | Message: Check-in limit exceeded! | Extra: {"child_id":303246}
[2026-08-17 00:41:44] Event: 54 | Ticket: 6a6ccd1ef3d0a | Status: FAILED | Message: Check-in limit exceeded! | Extra: {"child_id":303246}
[2026-08-17 00:41:55] Event: 54 | Ticket: 6a6cdf555bb14 | Status: SUCCESS | Message: Ticket scanned successfully. | Extra: {"child_id":303268,"remaining":null}
[2026-08-17 00:41:57] Event: 54 | Ticket: 6a6944de07d1d | Status: SUCCESS | Message: Ticket scanned successfully. | Extra: {"child_id":303162,"remaining":null}
[2026-08-17 00:41:59] Event: 54 | Ticket: 6a6cdf555c104 | Status: SUCCESS | Message: Ticket scanned successfully. | Extra: {"child_id":303269,"remaining":null}
[2026-08-17 00:42:00] Event: 54 | Ticket: 6a6ccd1ef3d0a | Status: FAILED | Message: Check-in limit exceeded! | Extra: {"child_id":303246}
[2026-08-17 00:42:02] Event: 54 | Ticket: 6a6cdf555c1f6 | Status: SUCCESS | Message: Ticket scanned successfully. | Extra: {"child_id":303270,"remaining":null}
[2026-08-17 00:42:06] Event: 54 | Ticket: 6a6cdf555c2c4 | Status: SUCCESS | Message: Ticket scanned successfully. | Extra: {"child_id":303271,"remaining":null}
[2026-08-17 00:42:06] Event: 54 | Ticket: 6a6ccd1ef3d0a | Status: FAILED | Message: Check-in limit exceeded! | Extra: {"child_id":303246}
[2026-08-17 00:42:12] Event: 54 | Ticket: 6a6944de0733c | Status: SUCCESS | Message: Ticket scanned successfully. | Extra: {"child_id":303160,"remaining":null}
[2026-08-17 00:42:14] Event: 54 | Ticket: 6a6ccd1ef3d0a | Status: FAILED | Message: Check-in limit exceeded! | Extra: {"child_id":303246}
[2026-08-17 00:42:17] Event: 54 | Ticket: 6a6944de07d1d | Status: SUCCESS | Message: Ticket scanned successfully. | Extra: {"child_id":303162,"remaining":null}
[2026-08-17 00:42:20] Event: 54 | Ticket: 6a6ccd1ef3d0a | Status: FAILED | Message: Check-in limit exceeded! | Extra: {"child_id":303246}
[2026-08-17 00:42:24] Event: 54 | Ticket: 6a6944de07dfd | Status: SUCCESS | Message: Ticket scanned successfully. | Extra: {"child_id":303163,"remaining":null}
[2026-08-17 00:42:29] Event: 54 | Ticket: 6a5adeec7a227 | Status: SUCCESS | Message: Ticket scanned successfully. | Extra: {"child_id":302753,"remaining":null}
[2026-08-17 00:42:30] Event: 54 | Ticket: 6a6944de07f25 | Status: SUCCESS | Message: Ticket scanned successfully. | Extra: {"child_id":303164,"remaining":null}
[2026-08-17 00:42:36] Event: 54 | Ticket: 6a5adeec7a969 | Status: SUCCESS | Message: Ticket scanned successfully. | Extra: {"child_id":302754,"remaining":null}
[2026-08-17 00:42:37] Event: 54 | Ticket: 6a6944de07f25 | Status: SUCCESS | Message: Ticket scanned successfully. | Extra: {"child_id":303164,"remaining":null}
[2026-08-17 00:42:42] Event: 54 | Ticket: 6a6ccd1ef3d0a | Status: FAILED | Message: Check-in limit exceeded! | Extra: {"child_id":303246}
[2026-08-17 00:42:48] Event: 54 | Ticket: 6a6ccd1ef3d0a | Status: FAILED | Message: Check-in limit exceeded! | Extra: {"child_id":303246}
[2026-08-17 00:43:35] Event: 54 | Ticket: 6a7aa5ae58ded | Status: SUCCESS | Message: Ticket scanned successfully. | Extra: {"child_id":303551,"remaining":0}
[2026-08-17 00:43:40] Event: 54 | Ticket: 6a55450996a75 | Status: SUCCESS | Message: Ticket scanned successfully. | Extra: {"child_id":302559,"remaining":null}
[2026-08-17 00:44:07] Event: 54 | Ticket: 6a55450996d4c | Status: SUCCESS | Message: Ticket scanned successfully. | Extra: {"child_id":302560,"remaining":null}
[2026-08-17 00:44:10] Event: 54 | Ticket: 6a6ccd1ef3d0a | Status: FAILED | Message: Check-in limit exceeded! | Extra: {"child_id":303246}
[2026-08-17 00:44:22] Event: 54 | Ticket: 6a7aa5ae578e2 | Status: SUCCESS | Message: Ticket scanned successfully. | Extra: {"child_id":303543,"remaining":0}
[2026-08-17 00:44:33] Event: 54 | Ticket: 6a7aa5ae58358 | Status: SUCCESS | Message: Ticket scanned successfully. | Extra: {"child_id":303544,"remaining":0}
[2026-08-17 00:44:52] Event: 54 | Ticket: 6a813010bd22c | Status: SUCCESS | Message: Ticket scanned successfully. | Extra: {"child_id":34231925,"remaining":0}
[2026-08-17 00:44:57] Event: 54 | Ticket: 6a813010bd7c3 | Status: SUCCESS | Message: Ticket scanned successfully. | Extra: {"child_id":34231926,"remaining":0}
[2026-08-17 00:45:07] Event: 54 | Ticket: 6a74fa243dc30 | Status: SUCCESS | Message: Ticket scanned successfully. | Extra: {"child_id":303408,"remaining":0}
[2026-08-17 00:45:10] Event: 54 | Ticket: 6a74fa243e348 | Status: SUCCESS | Message: Ticket scanned successfully. | Extra: {"child_id":303409,"remaining":0}
[2026-08-17 00:45:47] Event: 54 | Ticket: 6a70f34a66257 | Status: SUCCESS | Message: Ticket scanned successfully. | Extra: {"child_id":303358,"remaining":null}
[2026-08-17 00:46:01] Event: 54 | Ticket: 6a6ccd1ef3d0a | Status: FAILED | Message: Check-in limit exceeded! | Extra: {"child_id":303246}
[2026-08-17 00:46:04] Event: 54 | Ticket: 6a6b747bceb90 | Status: SUCCESS | Message: Ticket scanned successfully. | Extra: {"child_id":303198,"remaining":null}
[2026-08-17 00:46:13] Event: 54 | Ticket: 6a6ccd1ef3d0a | Status: FAILED | Message: Check-in limit exceeded! | Extra: {"child_id":303246}
[2026-08-17 00:46:51] Event: 54 | Ticket: 6a76090f107bc | Status: SUCCESS | Message: Ticket scanned successfully. | Extra: {"child_id":303426,"remaining":0}
[2026-08-17 00:46:55] Event: 54 | Ticket: 6a76090f109b3 | Status: SUCCESS | Message: Ticket scanned successfully. | Extra: {"child_id":303427,"remaining":0}
[2026-08-17 00:46:59] Event: 54 | Ticket: 6a76090f10afc | Status: SUCCESS | Message: Ticket scanned successfully. | Extra: {"child_id":303428,"remaining":0}
[2026-08-17 00:47:15] Event: 54 | Ticket: 6a6989646dad7 | Status: SUCCESS | Message: Ticket scanned successfully. | Extra: {"child_id":303165,"remaining":null}
[2026-08-17 00:47:19] Event: 54 | Ticket: 6a7600e3192c3 | Status: SUCCESS | Message: Ticket scanned successfully. | Extra: {"child_id":303420,"remaining":0}
[2026-08-17 00:47:21] Event: 54 | Ticket: 6a6989646dad7 | Status: SUCCESS | Message: Ticket scanned successfully. | Extra: {"child_id":303165,"remaining":null}
[2026-08-17 00:47:22] Event: 54 | Ticket: 6a7600e319ac9 | Status: SUCCESS | Message: Ticket scanned successfully. | Extra: {"child_id":303421,"remaining":0}
[2026-08-17 00:47:26] Event: 54 | Ticket: 6a7600e319bec | Status: SUCCESS | Message: Ticket scanned successfully. | Extra: {"child_id":303422,"remaining":0}
[2026-08-17 00:47:34] Event: 54 | Ticket: 6a6d155a4ad71 | Status: SUCCESS | Message: Ticket scanned successfully. | Extra: {"child_id":303278,"remaining":0}
[2026-08-17 00:47:38] Event: 54 | Ticket: 6a6d155a4afe7 | Status: SUCCESS | Message: Ticket scanned successfully. | Extra: {"child_id":303279,"remaining":0}
[2026-08-17 00:47:44] Event: 54 | Ticket: 6a6ccd1ef3d0a | Status: FAILED | Message: Check-in limit exceeded! | Extra: {"child_id":303246}
[2026-08-17 00:48:31] Event: 54 | Ticket: 6a5eb88a23e3f | Status: SUCCESS | Message: Ticket scanned successfully. | Extra: {"child_id":302800,"remaining":null}
[2026-08-17 00:48:39] Event: 54 | Ticket: 6a5eb88a24843 | Status: SUCCESS | Message: Ticket scanned successfully. | Extra: {"child_id":302801,"remaining":null}
[2026-08-17 00:48:46] Event: 54 | Ticket: 6a6ccd1ef3d0a | Status: FAILED | Message: Check-in limit exceeded! | Extra: {"child_id":303246}
[2026-08-17 00:48:57] Event: 54 | Ticket: 6a5c344188b7a | Status: SUCCESS | Message: Ticket scanned successfully. | Extra: {"child_id":302773,"remaining":null}
[2026-08-17 00:49:06] Event: 54 | Ticket: 6a5c3441883ed | Status: SUCCESS | Message: Ticket scanned successfully. | Extra: {"child_id":302772,"remaining":null}
[2026-08-17 00:49:20] Event: 54 | Ticket: 6a5c344188ee2 | Status: SUCCESS | Message: Ticket scanned successfully. | Extra: {"child_id":302775,"remaining":null}
[2026-08-17 00:49:33] Event: 54 | Ticket: 6a5c344189071 | Status: SUCCESS | Message: Ticket scanned successfully. | Extra: {"child_id":302776,"remaining":null}
[2026-08-17 00:49:40] Event: 54 | Ticket: 6a5d236ac4916 | Status: SUCCESS | Message: Ticket scanned successfully. | Extra: {"child_id":302782,"remaining":null}
[2026-08-17 00:49:49] Event: 54 | Ticket: 6a5d236ac52f3 | Status: SUCCESS | Message: Ticket scanned successfully. | Extra: {"child_id":302783,"remaining":null}
[2026-08-17 00:49:53] Event: 54 | Ticket: 6a6ccd1ef3d0a | Status: FAILED | Message: Check-in limit exceeded! | Extra: {"child_id":303246}
[2026-08-17 00:49:58] Event: 54 | Ticket: 6a6ccd1ef3d0a | Status: FAILED | Message: Check-in limit exceeded! | Extra: {"child_id":303246}
[2026-08-17 00:50:04] Event: 54 | Ticket: 6a6fcc7aa46d6 | Status: SUCCESS | Message: Ticket scanned successfully. | Extra: {"child_id":303341,"remaining":null}
[2026-08-17 00:50:15] Event: 54 | Ticket: 6a6fcc7aa4e95 | Status: SUCCESS | Message: Ticket scanned successfully. | Extra: {"child_id":303342,"remaining":null}
[2026-08-17 00:50:25] Event: 54 | Ticket: 6a6fcc7aa4ff4 | Status: SUCCESS | Message: Ticket scanned successfully. | Extra: {"child_id":303343,"remaining":null}
[2026-08-17 00:50:28] Event: 54 | Ticket: 6a6ccd1ef358e | Status: SUCCESS | Message: Ticket scanned successfully. | Extra: {"child_id":303242,"remaining":0}
[2026-08-17 00:51:22] Event: 54 | Ticket: 6a7a6c4500c40 | Status: SUCCESS | Message: Ticket scanned successfully. | Extra: {"child_id":303537,"remaining":0}
[2026-08-17 00:51:27] Event: 54 | Ticket: 6a7a6c450157a | Status: SUCCESS | Message: Ticket scanned successfully. | Extra: {"child_id":303538,"remaining":0}
[2026-08-17 00:51:32] Event: 54 | Ticket: 6a7a6c45017a7 | Status: SUCCESS | Message: Ticket scanned successfully. | Extra: {"child_id":303539,"remaining":0}
[2026-08-17 00:51:37] Event: 54 | Ticket: 6a7a6c450192c | Status: SUCCESS | Message: Ticket scanned successfully. | Extra: {"child_id":303540,"remaining":0}
[2026-08-17 00:51:41] Event: 54 | Ticket: 6a822bd8d291b | Status: SUCCESS | Message: Ticket scanned successfully. | Extra: {"child_id":34231957,"remaining":0}
[2026-08-17 00:52:10] Event: 54 | Ticket: 6a822bd8d2d9b | Status: SUCCESS | Message: Ticket scanned successfully. | Extra: {"child_id":34231958,"remaining":0}
[2026-08-17 00:52:14] Event: 54 | Ticket: 6a824e8271199 | Status: SUCCESS | Message: Ticket scanned successfully. | Extra: {"child_id":34231967,"remaining":0}
[2026-08-17 00:52:21] Event: 54 | Ticket: 6a5c344188d2e | Status: SUCCESS | Message: Ticket scanned successfully. | Extra: {"child_id":302774,"remaining":null}
[2026-08-17 00:52:23] Event: 54 | Ticket: 6a822bd8d301e | Status: SUCCESS | Message: Ticket scanned successfully. | Extra: {"child_id":34231959,"remaining":0}
[2026-08-17 00:52:48] Event: 54 | Ticket: 6a7aa5ae578e2 | Status: FAILED | Message: Check-in limit exceeded! | Extra: {"child_id":303543}
[2026-08-17 00:52:50] Event: 54 | Ticket: 6a6430792f96a | Status: SUCCESS | Message: Ticket scanned successfully. | Extra: {"child_id":303135,"remaining":null}
[2026-08-17 00:52:53] Event: 54 | Ticket: 6a7aa5ae578e2 | Status: FAILED | Message: Check-in limit exceeded! | Extra: {"child_id":303543}
[2026-08-17 00:53:01] Event: 54 | Ticket: 6a7aa5ae578e2 | Status: FAILED | Message: Check-in limit exceeded! | Extra: {"child_id":303543}
[2026-08-17 00:53:01] Event: 54 | Ticket: 6a6430792ff64 | Status: SUCCESS | Message: Ticket scanned successfully. | Extra: {"child_id":303136,"remaining":null}
[2026-08-17 00:53:18] Event: 54 | Ticket: 6a7aa5ae58ded | Status: FAILED | Message: Check-in limit exceeded! | Extra: {"child_id":303551}
[2026-08-17 00:53:40] Event: 54 | Ticket: 6a7aa5ae578e2 | Status: FAILED | Message: Check-in limit exceeded! | Extra: {"child_id":303543}
[2026-08-17 00:54:03] Event: 54 | Ticket: 6a7aa5ae578e2 | Status: FAILED | Message: Check-in limit exceeded! | Extra: {"child_id":303543}
[2026-08-17 00:54:18] Event: 54 | Ticket: 6a7aa5ae58ded | Status: FAILED | Message: Check-in limit exceeded! | Extra: {"child_id":303551}
[2026-08-17 00:54:48] Event: 54 | Ticket: 6a7aa5ae58ded | Status: FAILED | Message: Check-in limit exceeded! | Extra: {"child_id":303551}
[2026-08-17 00:54:52] Event: 54 | Ticket: 6a7424880436e | Status: SUCCESS | Message: Ticket scanned successfully. | Extra: {"child_id":303400,"remaining":0}
[2026-08-17 00:54:53] Event: 54 | Ticket: 6a7aa5ae58ded | Status: FAILED | Message: Check-in limit exceeded! | Extra: {"child_id":303551}
[2026-08-17 00:55:04] Event: 54 | Ticket: 6a74248804c73 | Status: SUCCESS | Message: Ticket scanned successfully. | Extra: {"child_id":303401,"remaining":0}
[2026-08-17 00:55:18] Event: 54 | Ticket: 6a62e435c24b2 | Status: SUCCESS | Message: Ticket scanned successfully. | Extra: {"child_id":303093,"remaining":null}
[2026-08-17 00:55:18] Event: 54 | Ticket: 6a6ccd1ef3d0a | Status: FAILED | Message: Check-in limit exceeded! | Extra: {"child_id":303246}
[2026-08-17 00:55:22] Event: 54 | Ticket: 6a62e435c2bdf | Status: SUCCESS | Message: Ticket scanned successfully. | Extra: {"child_id":303094,"remaining":null}
[2026-08-17 00:55:23] Event: 54 | Ticket: 6a62e435c24b2 | Status: SUCCESS | Message: Ticket scanned successfully. | Extra: {"child_id":303093,"remaining":null}
[2026-08-17 00:56:24] Event: 54 | Ticket: 6a80cd1dc01d2 | Status: SUCCESS | Message: Ticket scanned successfully. | Extra: {"child_id":34231894,"remaining":0}
[2026-08-17 00:56:33] Event: 54 | Ticket: 6a80cd1dc056c | Status: SUCCESS | Message: Ticket scanned successfully. | Extra: {"child_id":34231895,"remaining":0}
[2026-08-17 00:56:54] Event: 54 | Ticket: 6a7c1eafe27be | Status: SUCCESS | Message: Ticket scanned successfully. | Extra: {"child_id":303587,"remaining":0}
[2026-08-17 00:57:02] Event: 54 | Ticket: 6a27011b3a6a7 | Status: FAILED | Message: Event ID mismatch. | Extra: {"child_id":2586,"order_event_id":46}
[2026-08-17 00:57:07] Event: 54 | Ticket: 6a27011b3a6a7 | Status: FAILED | Message: Event ID mismatch. | Extra: {"child_id":2586,"order_event_id":46}
[2026-08-17 00:57:20] Event: 54 | Ticket: 6a7c1eafe27be | Status: FAILED | Message: Check-in limit exceeded! | Extra: {"child_id":303587}
[2026-08-17 00:57:33] Event: 54 | Ticket: 6a27011b3a6a7 | Status: FAILED | Message: Event ID mismatch. | Extra: {"child_id":2586,"order_event_id":46}
[2026-08-17 00:58:01] Event: 54 | Ticket: 6a70c47fbf531 | Status: SUCCESS | Message: Ticket scanned successfully. | Extra: {"child_id":303351,"remaining":null}
[2026-08-17 00:58:07] Event: 54 | Ticket: 6a70c47fbfcaa | Status: SUCCESS | Message: Ticket scanned successfully. | Extra: {"child_id":303352,"remaining":null}
[2026-08-17 00:58:11] Event: 54 | Ticket: 6a70c47fbfd8d | Status: SUCCESS | Message: Ticket scanned successfully. | Extra: {"child_id":303353,"remaining":null}
[2026-08-17 00:58:16] Event: 54 | Ticket: 6a70c47fbfead | Status: SUCCESS | Message: Ticket scanned successfully. | Extra: {"child_id":303354,"remaining":null}
[2026-08-17 00:58:21] Event: 54 | Ticket: 6a70c47fbffce | Status: SUCCESS | Message: Ticket scanned successfully. | Extra: {"child_id":303355,"remaining":null}
[2026-08-17 00:58:25] Event: 54 | Ticket: 6a70c47fc00a1 | Status: SUCCESS | Message: Ticket scanned successfully. | Extra: {"child_id":303356,"remaining":null}
[2026-08-17 00:58:29] Event: 54 | Ticket: 6a70c47fc0173 | Status: SUCCESS | Message: Ticket scanned successfully. | Extra: {"child_id":303357,"remaining":null}
[2026-08-17 00:58:37] Event: 54 | Ticket: 6a6188c2b5d1d | Status: SUCCESS | Message: Ticket scanned successfully. | Extra: {"child_id":303071,"remaining":null}
[2026-08-17 00:58:39] Event: 54 | Ticket: 6a6188c2b64c9 | Status: SUCCESS | Message: Ticket scanned successfully. | Extra: {"child_id":303072,"remaining":null}
[2026-08-17 00:58:53] Event: 54 | Ticket: 6a63094ef2cc8 | Status: SUCCESS | Message: Ticket scanned successfully. | Extra: {"child_id":303098,"remaining":null}
[2026-08-17 00:58:54] Event: 54 | Ticket: 6a7babb534f5f | Status: SUCCESS | Message: Ticket scanned successfully. | Extra: {"child_id":303575,"remaining":0}
[2026-08-17 00:58:54] Event: 54 | Ticket: 6a554605546d5 | Status: SUCCESS | Message: Ticket scanned successfully. | Extra: {"child_id":302563,"remaining":null}
[2026-08-17 00:58:57] Event: 54 | Ticket: 6a7babb5357ae | Status: SUCCESS | Message: Ticket scanned successfully. | Extra: {"child_id":303576,"remaining":0}
[2026-08-17 00:59:00] Event: 54 | Ticket: 6a55460554a5d | Status: SUCCESS | Message: Ticket scanned successfully. | Extra: {"child_id":302564,"remaining":null}
[2026-08-17 00:59:06] Event: 54 | Ticket: 6a74883c2a55e | Status: SUCCESS | Message: Ticket scanned successfully. | Extra: {"child_id":303403,"remaining":0}
[2026-08-17 00:59:15] Event: 54 | Ticket: 6a74883c2a7e3 | Status: SUCCESS | Message: Ticket scanned successfully. | Extra: {"child_id":303404,"remaining":0}
[2026-08-17 00:59:25] Event: 54 | Ticket: 6a56fb3d2196a | Status: SUCCESS | Message: Ticket scanned successfully. | Extra: {"child_id":302602,"remaining":null}
[2026-08-17 00:59:29] Event: 54 | Ticket: 6a56fb3d21515 | Status: SUCCESS | Message: Ticket scanned successfully. | Extra: {"child_id":302601,"remaining":null}
[2026-08-17 01:00:20] Event: 54 | Ticket: 6a80dd8773566 | Status: SUCCESS | Message: Ticket scanned successfully. | Extra: {"child_id":34231915,"remaining":0}
[2026-08-17 01:00:25] Event: 54 | Ticket: 6a80dd8773ab8 | Status: SUCCESS | Message: Ticket scanned successfully. | Extra: {"child_id":34231916,"remaining":0}
[2026-08-17 01:00:35] Event: 54 | Ticket: 6a78fae40d6eb | Status: SUCCESS | Message: Ticket scanned successfully. | Extra: {"child_id":303500,"remaining":0}
[2026-08-17 01:00:40] Event: 54 | Ticket: 6a78fae40e262 | Status: SUCCESS | Message: Ticket scanned successfully. | Extra: {"child_id":303501,"remaining":0}
[2026-08-17 01:00:48] Event: 54 | Ticket: 6a77d6239ac0c | Status: SUCCESS | Message: Ticket scanned successfully. | Extra: {"child_id":303484,"remaining":0}
[2026-08-17 01:00:56] Event: 54 | Ticket: 6a77d6239a8a7 | Status: SUCCESS | Message: Ticket scanned successfully. | Extra: {"child_id":303483,"remaining":0}
[2026-08-17 01:01:00] Event: 54 | Ticket: 6a7fa67862e42 | Status: SUCCESS | Message: Ticket scanned successfully. | Extra: {"child_id":34231855,"remaining":0}
[2026-08-17 01:01:05] Event: 54 | Ticket: 6a7fa678639a6 | Status: SUCCESS | Message: Ticket scanned successfully. | Extra: {"child_id":34231856,"remaining":0}
[2026-08-17 01:01:10] Event: 54 | Ticket: 6a78b6eb70f3d | Status: SUCCESS | Message: Ticket scanned successfully. | Extra: {"child_id":303493,"remaining":0}
[2026-08-17 01:01:16] Event: 54 | Ticket: 6a776d2412457 | Status: SUCCESS | Message: Ticket scanned successfully. | Extra: {"child_id":303446,"remaining":0}
[2026-08-17 01:01:19] Event: 54 | Ticket: 6a776d24127ad | Status: SUCCESS | Message: Ticket scanned successfully. | Extra: {"child_id":303447,"remaining":0}
[2026-08-17 01:01:24] Event: 54 | Ticket: 6a776d241295c | Status: SUCCESS | Message: Ticket scanned successfully. | Extra: {"child_id":303448,"remaining":0}
[2026-08-17 01:01:26] Event: 54 | Ticket: 6a776d2412aea | Status: SUCCESS | Message: Ticket scanned successfully. | Extra: {"child_id":303449,"remaining":0}
[2026-08-17 01:01:31] Event: 54 | Ticket: 6a6ccd1ef3d0a | Status: FAILED | Message: Check-in limit exceeded! | Extra: {"child_id":303246}
[2026-08-17 01:01:37] Event: 54 | Ticket: 6a6ccd1ef3d0a | Status: FAILED | Message: Check-in limit exceeded! | Extra: {"child_id":303246}
[2026-08-17 01:01:44] Event: 54 | Ticket: 6a6ccd1ef3d0a | Status: FAILED | Message: Check-in limit exceeded! | Extra: {"child_id":303246}
[2026-08-17 01:01:49] Event: 54 | Ticket: 6a6ccd1ef3d0a | Status: FAILED | Message: Check-in limit exceeded! | Extra: {"child_id":303246}
[2026-08-17 01:01:54] Event: 54 | Ticket: 6a6ccd1ef3d0a | Status: FAILED | Message: Check-in limit exceeded! | Extra: {"child_id":303246}
[2026-08-17 01:01:57] Event: 54 | Ticket: 6a76083d237e0 | Status: SUCCESS | Message: Ticket scanned successfully. | Extra: {"child_id":303424,"remaining":0}
[2026-08-17 01:01:59] Event: 54 | Ticket: 6a6ccd1ef3d0a | Status: FAILED | Message: Check-in limit exceeded! | Extra: {"child_id":303246}
[2026-08-17 01:02:00] Event: 54 | Ticket: 6a76083d240c9 | Status: SUCCESS | Message: Ticket scanned successfully. | Extra: {"child_id":303425,"remaining":0}
[2026-08-17 01:02:31] Event: 54 | Ticket: 6a7aa2b3b913d | Status: SUCCESS | Message: Ticket scanned successfully. | Extra: {"child_id":303542,"remaining":0}
[2026-08-17 01:02:40] Event: 54 | Ticket: 6a7aa2b3b89f7 | Status: SUCCESS | Message: Ticket scanned successfully. | Extra: {"child_id":303541,"remaining":0}
[2026-08-17 01:02:55] Event: 54 | Ticket: 6a6ccd1ef3d0a | Status: FAILED | Message: Check-in limit exceeded! | Extra: {"child_id":303246}
[2026-08-17 01:03:01] Event: 54 | Ticket: 6a6ccd1ef3d0a | Status: FAILED | Message: Check-in limit exceeded! | Extra: {"child_id":303246}
[2026-08-17 01:03:08] Event: 54 | Ticket: 6a6eae2cca7c2 | Status: SUCCESS | Message: Ticket scanned successfully. | Extra: {"child_id":303318,"remaining":null}
[2026-08-17 01:03:09] Event: 54 | Ticket: 6a6ccd1ef3d0a | Status: FAILED | Message: Check-in limit exceeded! | Extra: {"child_id":303246}
[2026-08-17 01:03:16] Event: 54 | Ticket: 6a6eae2ccae8e | Status: SUCCESS | Message: Ticket scanned successfully. | Extra: {"child_id":303319,"remaining":null}
[2026-08-17 01:03:44] Event: 54 | Ticket: 6a6e4b398d1db | Status: SUCCESS | Message: Ticket scanned successfully. | Extra: {"child_id":303312,"remaining":null}
[2026-08-17 01:03:52] Event: 54 | Ticket: 6a6ccd1ef3d0a | Status: FAILED | Message: Check-in limit exceeded! | Extra: {"child_id":303246}
[2026-08-17 01:03:57] Event: 54 | Ticket: 6a6ccd1ef3d0a | Status: FAILED | Message: Check-in limit exceeded! | Extra: {"child_id":303246}
[2026-08-17 01:04:03] Event: 54 | Ticket: 6a6e4b398d54c | Status: SUCCESS | Message: Ticket scanned successfully. | Extra: {"child_id":303313,"remaining":null}
[2026-08-17 01:04:07] Event: 54 | Ticket: 6a6ccd1ef3d0a | Status: FAILED | Message: Check-in limit exceeded! | Extra: {"child_id":303246}
[2026-08-17 01:04:16] Event: 54 | Ticket: 6a6e2d432a0fd | Status: SUCCESS | Message: Ticket scanned successfully. | Extra: {"child_id":303303,"remaining":0}
[2026-08-17 01:04:20] Event: 54 | Ticket: 6a6e2d4329d5d | Status: SUCCESS | Message: Ticket scanned successfully. | Extra: {"child_id":303302,"remaining":0}
[2026-08-17 01:04:27] Event: 54 | Ticket: 6a6e4b398d66b | Status: SUCCESS | Message: Ticket scanned successfully. | Extra: {"child_id":303314,"remaining":null}
[2026-08-17 01:04:30] Event: 54 | Ticket: 6a6ccd1ef3d0a | Status: FAILED | Message: Check-in limit exceeded! | Extra: {"child_id":303246}
[2026-08-17 01:04:38] Event: 54 | Ticket: 6a6e4b398d77f | Status: SUCCESS | Message: Ticket scanned successfully. | Extra: {"child_id":303315,"remaining":null}
[2026-08-17 01:04:42] Event: 54 | Ticket: 6a6ccd1ef3d0a | Status: FAILED | Message: Check-in limit exceeded! | Extra: {"child_id":303246}
[2026-08-17 01:04:55] Event: 54 | Ticket: 6a6ccd1ef3d0a | Status: FAILED | Message: Check-in limit exceeded! | Extra: {"child_id":303246}
[2026-08-17 01:05:02] Event: 54 | Ticket: 6a6ccd1ef3d0a | Status: FAILED | Message: Check-in limit exceeded! | Extra: {"child_id":303246}
[2026-08-17 01:05:11] Event: 54 | Ticket: 6a6bb1f40f03a | Status: SUCCESS | Message: Ticket scanned successfully. | Extra: {"child_id":303200,"remaining":null}
[2026-08-17 01:05:13] Event: 54 | Ticket: 6a6bb1f40f7a1 | Status: SUCCESS | Message: Ticket scanned successfully. | Extra: {"child_id":303201,"remaining":null}
[2026-08-17 01:05:16] Event: 54 | Ticket: 6a6bb1f40f03a | Status: SUCCESS | Message: Ticket scanned successfully. | Extra: {"child_id":303200,"remaining":null}
[2026-08-17 01:05:32] Event: 54 | Ticket: 6a6bb1f40f03a | Status: SUCCESS | Message: Ticket scanned successfully. | Extra: {"child_id":303200,"remaining":null}
[2026-08-17 01:05:33] Event: 54 | Ticket: 6a6ccd1ef3d0a | Status: FAILED | Message: Check-in limit exceeded! | Extra: {"child_id":303246}
[2026-08-17 01:05:33] Event: 54 | Ticket: 6a6bb1f40f7a1 | Status: SUCCESS | Message: Ticket scanned successfully. | Extra: {"child_id":303201,"remaining":null}
[2026-08-17 01:05:36] Event: 54 | Ticket: 6a6bb1f40f03a | Status: SUCCESS | Message: Ticket scanned successfully. | Extra: {"child_id":303200,"remaining":null}
[2026-08-17 01:05:38] Event: 54 | Ticket: 6a6bb1f40f7a1 | Status: SUCCESS | Message: Ticket scanned successfully. | Extra: {"child_id":303201,"remaining":null}
[2026-08-17 01:05:38] Event: 54 | Ticket: 6a553cad98465 | Status: SUCCESS | Message: Ticket scanned successfully. | Extra: {"child_id":302537,"remaining":null}
[2026-08-17 01:06:02] Event: 54 | Ticket: 6a728f31e013a | Status: SUCCESS | Message: Ticket scanned successfully. | Extra: {"child_id":303371,"remaining":0}
[2026-08-17 01:06:05] Event: 54 | Ticket: 6a6bb1f40f7a1 | Status: SUCCESS | Message: Ticket scanned successfully. | Extra: {"child_id":303201,"remaining":null}
[2026-08-17 01:06:06] Event: 54 | Ticket: 6a728f31e0787 | Status: SUCCESS | Message: Ticket scanned successfully. | Extra: {"child_id":303372,"remaining":0}
[2026-08-17 01:06:14] Event: 54 | Ticket: 6a6ccd1ef3d0a | Status: FAILED | Message: Check-in limit exceeded! | Extra: {"child_id":303246}
[2026-08-17 01:06:16] Event: 54 | Ticket: 6a8220e11a377 | Status: SUCCESS | Message: Ticket scanned successfully. | Extra: {"child_id":34231955,"remaining":0}
[2026-08-17 01:06:18] Event: 54 | Ticket: 6a6ccd1ef3d0a | Status: FAILED | Message: Check-in limit exceeded! | Extra: {"child_id":303246}
[2026-08-17 01:06:20] Event: 54 | Ticket: 6a6bb1f40f7a1 | Status: SUCCESS | Message: Ticket scanned successfully. | Extra: {"child_id":303201,"remaining":null}
[2026-08-17 01:06:24] Event: 54 | Ticket: 6a6ccd1ef3d0a | Status: FAILED | Message: Check-in limit exceeded! | Extra: {"child_id":303246}
[2026-08-17 01:06:29] Event: 54 | Ticket: 6a6ccd1ef3d0a | Status: FAILED | Message: Check-in limit exceeded! | Extra: {"child_id":303246}
[2026-08-17 01:06:42] Event: 54 | Ticket: 6a754f02e2241 | Status: SUCCESS | Message: Ticket scanned successfully. | Extra: {"child_id":303415,"remaining":0}
[2026-08-17 01:06:51] Event: 54 | Ticket: 6a754f02e2c7e | Status: SUCCESS | Message: Ticket scanned successfully. | Extra: {"child_id":303416,"remaining":0}
[2026-08-17 01:06:55] Event: 54 | Ticket: 6a754f02e2ec8 | Status: SUCCESS | Message: Ticket scanned successfully. | Extra: {"child_id":303417,"remaining":0}
[2026-08-17 01:06:59] Event: 54 | Ticket: 6a56e372b53e3 | Status: SUCCESS | Message: Ticket scanned successfully. | Extra: {"child_id":302594,"remaining":null}
[2026-08-17 01:07:01] Event: 54 | Ticket: 6a76ae997f4a8 | Status: SUCCESS | Message: Ticket scanned successfully. | Extra: {"child_id":303439,"remaining":0}
[2026-08-17 01:07:04] Event: 54 | Ticket: 6a6bb1f40f03a | Status: SUCCESS | Message: Ticket scanned successfully. | Extra: {"child_id":303200,"remaining":null}
[2026-08-17 01:07:06] Event: 54 | Ticket: 6a6bb1f40f7a1 | Status: SUCCESS | Message: Ticket scanned successfully. | Extra: {"child_id":303201,"remaining":null}
[2026-08-17 01:07:07] Event: 54 | Ticket: 6a6bb1f40f03a | Status: SUCCESS | Message: Ticket scanned successfully. | Extra: {"child_id":303200,"remaining":null}
[2026-08-17 01:07:09] Event: 54 | Ticket: 6a6bb1f40f7a1 | Status: SUCCESS | Message: Ticket scanned successfully. | Extra: {"child_id":303201,"remaining":null}
[2026-08-17 01:07:10] Event: 54 | Ticket: 6a56e372b4c75 | Status: SUCCESS | Message: Ticket scanned successfully. | Extra: {"child_id":302593,"remaining":null}
[2026-08-17 01:07:11] Event: 54 | Ticket: 6a6bb1f40f03a | Status: SUCCESS | Message: Ticket scanned successfully. | Extra: {"child_id":303200,"remaining":null}
[2026-08-17 01:07:14] Event: 54 | Ticket: 6a76ae997ff6c | Status: SUCCESS | Message: Ticket scanned successfully. | Extra: {"child_id":303440,"remaining":0}
[2026-08-17 01:07:20] Event: 54 | Ticket: 6a76ae997ff6c | Status: FAILED | Message: Check-in limit exceeded! | Extra: {"child_id":303440}
[2026-08-17 01:07:42] Event: 54 | Ticket: 6a76ae997ff6c | Status: FAILED | Message: Check-in limit exceeded! | Extra: {"child_id":303440}
[2026-08-17 01:07:57] Event: 54 | Ticket: 6a76ae997ff6c | Status: FAILED | Message: Check-in limit exceeded! | Extra: {"child_id":303440}
[2026-08-17 01:08:02] Event: 54 | Ticket: 6a76ae997ff6c | Status: FAILED | Message: Check-in limit exceeded! | Extra: {"child_id":303440}
[2026-08-17 01:08:28] Event: 54 | Ticket: 6a7ce12e657fe | Status: SUCCESS | Message: Ticket scanned successfully. | Extra: {"child_id":303599,"remaining":0}
[2026-08-17 01:08:37] Event: 54 | Ticket: 6a7ce12e660b7 | Status: SUCCESS | Message: Ticket scanned successfully. | Extra: {"child_id":303600,"remaining":0}
[2026-08-17 01:08:46] Event: 54 | Ticket: 6a7ce12e662e1 | Status: SUCCESS | Message: Ticket scanned successfully. | Extra: {"child_id":303601,"remaining":0}
[2026-08-17 01:09:09] Event: 54 | Ticket: 6a6bb1f40f7a1 | Status: SUCCESS | Message: Ticket scanned successfully. | Extra: {"child_id":303201,"remaining":null}
[2026-08-17 01:09:17] Event: 54 | Ticket: 6a6bb1f40f7a1 | Status: SUCCESS | Message: Ticket scanned successfully. | Extra: {"child_id":303201,"remaining":null}
[2026-08-17 01:09:23] Event: 54 | Ticket: 6a6bb1f40f7a1 | Status: SUCCESS | Message: Ticket scanned successfully. | Extra: {"child_id":303201,"remaining":null}
[2026-08-17 01:09:26] Event: 54 | Ticket: 6a6bb1f40f03a | Status: SUCCESS | Message: Ticket scanned successfully. | Extra: {"child_id":303200,"remaining":null}
[2026-08-17 01:09:28] Event: 54 | Ticket: 6a73792f00957 | Status: SUCCESS | Message: Ticket scanned successfully. | Extra: {"child_id":303384,"remaining":0}
[2026-08-17 01:09:44] Event: 54 | Ticket: 6a73792f01189 | Status: SUCCESS | Message: Ticket scanned successfully. | Extra: {"child_id":303385,"remaining":0}
[2026-08-17 01:09:46] Event: 54 | Ticket: 6a66d7635bcee | Status: SUCCESS | Message: Ticket scanned successfully. | Extra: {"child_id":303152,"remaining":null}
[2026-08-17 01:09:53] Event: 54 | Ticket: 6a73792f01189 | Status: FAILED | Message: Check-in limit exceeded! | Extra: {"child_id":303385}
[2026-08-17 01:09:53] Event: 54 | Ticket: 6a66d7635c525 | Status: SUCCESS | Message: Ticket scanned successfully. | Extra: {"child_id":303153,"remaining":null}
[2026-08-17 01:09:58] Event: 54 | Ticket: 6a6bb1f40f7a1 | Status: SUCCESS | Message: Ticket scanned successfully. | Extra: {"child_id":303201,"remaining":null}
[2026-08-17 01:10:00] Event: 54 | Ticket: 6a553cad9810c | Status: SUCCESS | Message: Ticket scanned successfully. | Extra: {"child_id":302534,"remaining":null}
[2026-08-17 01:10:00] Event: 54 | Ticket: 6a6bb1f40f03a | Status: SUCCESS | Message: Ticket scanned successfully. | Extra: {"child_id":303200,"remaining":null}
[2026-08-17 01:10:01] Event: 54 | Ticket: 6a6bb1f40f7a1 | Status: SUCCESS | Message: Ticket scanned successfully. | Extra: {"child_id":303201,"remaining":null}
[2026-08-17 01:10:02] Event: 54 | Ticket: 6a6bb1f40f03a | Status: SUCCESS | Message: Ticket scanned successfully. | Extra: {"child_id":303200,"remaining":null}
[2026-08-17 01:10:04] Event: 54 | Ticket: 6a73792f01189 | Status: FAILED | Message: Check-in limit exceeded! | Extra: {"child_id":303385}
[2026-08-17 01:10:05] Event: 54 | Ticket: 6a553cad9810c | Status: SUCCESS | Message: Ticket scanned successfully. | Extra: {"child_id":302534,"remaining":null}
[2026-08-17 01:10:07] Event: 54 | Ticket: 6a6bb1f40f03a | Status: SUCCESS | Message: Ticket scanned successfully. | Extra: {"child_id":303200,"remaining":null}
[2026-08-17 01:10:08] Event: 54 | Ticket: 6a72af16ecda5 | Status: SUCCESS | Message: Ticket scanned successfully. | Extra: {"child_id":303373,"remaining":0}
[2026-08-17 01:10:09] Event: 54 | Ticket: 6a553cad9826f | Status: SUCCESS | Message: Ticket scanned successfully. | Extra: {"child_id":302535,"remaining":null}
[2026-08-17 01:10:13] Event: 54 | Ticket: 6a553cad98390 | Status: SUCCESS | Message: Ticket scanned successfully. | Extra: {"child_id":302536,"remaining":null}
[2026-08-17 01:10:19] Event: 54 | Ticket: 6a553cad98465 | Status: SUCCESS | Message: Ticket scanned successfully. | Extra: {"child_id":302537,"remaining":null}
[2026-08-17 01:10:20] Event: 54 | Ticket: 6a6abd54a83d2 | Status: SUCCESS | Message: Ticket scanned successfully. | Extra: {"child_id":303176,"remaining":null}
[2026-08-17 01:10:23] Event: 54 | Ticket: 6a553cad9783c | Status: SUCCESS | Message: Ticket scanned successfully. | Extra: {"child_id":302532,"remaining":null}
[2026-08-17 01:10:26] Event: 54 | Ticket: 6a553cad97fda | Status: SUCCESS | Message: Ticket scanned successfully. | Extra: {"child_id":302533,"remaining":null}
[2026-08-17 01:10:27] Event: 54 | Ticket: 6a74bc66be984 | Status: SUCCESS | Message: Ticket scanned successfully. | Extra: {"child_id":303406,"remaining":0}
[2026-08-17 01:10:30] Event: 54 | Ticket: 6a6bb1f40f03a | Status: SUCCESS | Message: Ticket scanned successfully. | Extra: {"child_id":303200,"remaining":null}
[2026-08-17 01:10:30] Event: 54 | Ticket: 6a72af16ed4b6 | Status: SUCCESS | Message: Ticket scanned successfully. | Extra: {"child_id":303374,"remaining":0}
[2026-08-17 01:10:35] Event: 54 | Ticket: 6a72af16ed4b6 | Status: FAILED | Message: Check-in limit exceeded! | Extra: {"child_id":303374}
[2026-08-17 01:10:43] Event: 54 | Ticket: 6a6abd54a8b2e | Status: SUCCESS | Message: Ticket scanned successfully. | Extra: {"child_id":303177,"remaining":null}
[2026-08-17 01:10:47] Event: 54 | Ticket: 6a74bc66beeba | Status: SUCCESS | Message: Ticket scanned successfully. | Extra: {"child_id":303407,"remaining":0}
[2026-08-17 01:10:53] Event: 54 | Ticket: 6a7827f4961b4 | Status: SUCCESS | Message: Ticket scanned successfully. | Extra: {"child_id":303491,"remaining":0}
[2026-08-17 01:11:17] Event: 54 | Ticket: 6a776b55b1637 | Status: SUCCESS | Message: Ticket scanned successfully. | Extra: {"child_id":303445,"remaining":0}
[2026-08-17 01:11:29] Event: 54 | Ticket: 6a6f854ad2ae1 | Status: SUCCESS | Message: Ticket scanned successfully. | Extra: {"child_id":303330,"remaining":null}
[2026-08-17 01:11:32] Event: 54 | Ticket: 6a6f854ad2e34 | Status: SUCCESS | Message: Ticket scanned successfully. | Extra: {"child_id":303331,"remaining":null}
[2026-08-17 01:11:39] Event: 54 | Ticket: 6a6f82640b1de | Status: SUCCESS | Message: Ticket scanned successfully. | Extra: {"child_id":303321,"remaining":null}
[2026-08-17 01:11:41] Event: 54 | Ticket: 6a6f82640b4f6 | Status: SUCCESS | Message: Ticket scanned successfully. | Extra: {"child_id":303322,"remaining":null}
[2026-08-17 01:11:44] Event: 54 | Ticket: 6a6f82640b611 | Status: SUCCESS | Message: Ticket scanned successfully. | Extra: {"child_id":303323,"remaining":null}
[2026-08-17 01:11:46] Event: 54 | Ticket: 6a6f82640b706 | Status: SUCCESS | Message: Ticket scanned successfully. | Extra: {"child_id":303324,"remaining":null}
[2026-08-17 01:11:49] Event: 54 | Ticket: 6a6f82640b870 | Status: SUCCESS | Message: Ticket scanned successfully. | Extra: {"child_id":303325,"remaining":null}
[2026-08-17 01:11:51] Event: 54 | Ticket: 6a6f82640b962 | Status: SUCCESS | Message: Ticket scanned successfully. | Extra: {"child_id":303326,"remaining":null}
[2026-08-17 01:11:53] Event: 54 | Ticket: 6a6f82640ba2d | Status: SUCCESS | Message: Ticket scanned successfully. | Extra: {"child_id":303327,"remaining":null}
[2026-08-17 01:11:55] Event: 54 | Ticket: 6a6f82640baed | Status: SUCCESS | Message: Ticket scanned successfully. | Extra: {"child_id":303328,"remaining":null}
[2026-08-17 01:11:57] Event: 54 | Ticket: 6a6f82640bbab | Status: SUCCESS | Message: Ticket scanned successfully. | Extra: {"child_id":303329,"remaining":null}
[2026-08-17 01:12:03] Event: 54 | Ticket: 6a6f82640bbab | Status: SUCCESS | Message: Ticket scanned successfully. | Extra: {"child_id":303329,"remaining":null}
[2026-08-17 01:12:42] Event: 54 | Ticket: 6a5544a83b049 | Status: SUCCESS | Message: Ticket scanned successfully. | Extra: {"child_id":302538,"remaining":null}
[2026-08-17 01:12:48] Event: 54 | Ticket: 6a5544a83bdd3 | Status: SUCCESS | Message: Ticket scanned successfully. | Extra: {"child_id":302550,"remaining":null}
[2026-08-17 01:12:53] Event: 54 | Ticket: 6a5544a83b799 | Status: SUCCESS | Message: Ticket scanned successfully. | Extra: {"child_id":302543,"remaining":null}
[2026-08-17 01:12:58] Event: 54 | Ticket: 6a62e2c363219 | Status: SUCCESS | Message: Ticket scanned successfully. | Extra: {"child_id":303089,"remaining":null}
[2026-08-17 01:13:01] Event: 54 | Ticket: 6a62e2c363a56 | Status: SUCCESS | Message: Ticket scanned successfully. | Extra: {"child_id":303090,"remaining":null}
[2026-08-17 01:13:06] Event: 54 | Ticket: 6a62e2c363ba4 | Status: SUCCESS | Message: Ticket scanned successfully. | Extra: {"child_id":303091,"remaining":null}
[2026-08-17 01:13:07] Event: 54 | Ticket: 6a76c2ea2eed9 | Status: SUCCESS | Message: Ticket scanned successfully. | Extra: {"child_id":303443,"remaining":0}
[2026-08-17 01:13:14] Event: 54 | Ticket: 6a60d1e4b4fb4 | Status: SUCCESS | Message: Ticket scanned successfully. | Extra: {"child_id":303065,"remaining":null}
[2026-08-17 01:13:14] Event: 54 | Ticket: 6a76c2ea2ed47 | Status: SUCCESS | Message: Ticket scanned successfully. | Extra: {"child_id":303442,"remaining":0}
[2026-08-17 01:13:16] Event: 54 | Ticket: 6a6bb1f40f7a1 | Status: SUCCESS | Message: Ticket scanned successfully. | Extra: {"child_id":303201,"remaining":null}
[2026-08-17 01:13:17] Event: 54 | Ticket: 6a60d1e4b5678 | Status: SUCCESS | Message: Ticket scanned successfully. | Extra: {"child_id":303066,"remaining":null}
[2026-08-17 01:13:18] Event: 54 | Ticket: 6a6bb1f40f7a1 | Status: SUCCESS | Message: Ticket scanned successfully. | Extra: {"child_id":303201,"remaining":null}
[2026-08-17 01:13:19] Event: 54 | Ticket: 6a76c2ea2e4b6 | Status: SUCCESS | Message: Ticket scanned successfully. | Extra: {"child_id":303441,"remaining":0}
[2026-08-17 01:13:19] Event: 54 | Ticket: 6a60d1e4b5678 | Status: SUCCESS | Message: Ticket scanned successfully. | Extra: {"child_id":303066,"remaining":null}
[2026-08-17 01:13:21] Event: 54 | Ticket: 6a6bb1f40f7a1 | Status: SUCCESS | Message: Ticket scanned successfully. | Extra: {"child_id":303201,"remaining":null}
[2026-08-17 01:13:22] Event: 54 | Ticket: 6a60d1e4b5678 | Status: SUCCESS | Message: Ticket scanned successfully. | Extra: {"child_id":303066,"remaining":null}
[2026-08-17 01:13:23] Event: 54 | Ticket: 6a6bb1f40f7a1 | Status: SUCCESS | Message: Ticket scanned successfully. | Extra: {"child_id":303201,"remaining":null}
[2026-08-17 01:13:41] Event: 54 | Ticket: 6a6bb1f40f7a1 | Status: SUCCESS | Message: Ticket scanned successfully. | Extra: {"child_id":303201,"remaining":null}
[2026-08-17 01:13:44] Event: 54 | Ticket: 6a74049a4af1e | Status: SUCCESS | Message: Ticket scanned successfully. | Extra: {"child_id":303396,"remaining":0}
[2026-08-17 01:13:47] Event: 54 | Ticket: 6a6bb1f40f7a1 | Status: SUCCESS | Message: Ticket scanned successfully. | Extra: {"child_id":303201,"remaining":null}
[2026-08-17 01:13:51] Event: 54 | Ticket: 6a74049a4a5f6 | Status: SUCCESS | Message: Ticket scanned successfully. | Extra: {"child_id":303395,"remaining":0}
[2026-08-17 01:14:02] Event: 54 | Ticket: 6a6ccd1ef3de2 | Status: SUCCESS | Message: Ticket scanned successfully. | Extra: {"child_id":303247,"remaining":0}
[2026-08-17 01:14:08] Event: 54 | Ticket: 6a7aa5ae58c67 | Status: SUCCESS | Message: Ticket scanned successfully. | Extra: {"child_id":303550,"remaining":0}
[2026-08-17 01:14:13] Event: 54 | Ticket: 6a6ccd1ef3d0a | Status: FAILED | Message: Check-in limit exceeded! | Extra: {"child_id":303246}
[2026-08-17 01:14:14] Event: 54 | Ticket: 6a7aa5ae58b5d | Status: SUCCESS | Message: Ticket scanned successfully. | Extra: {"child_id":303549,"remaining":0}
[2026-08-17 01:14:16] Event: 54 | Ticket: 6a7aa5ae58a43 | Status: SUCCESS | Message: Ticket scanned successfully. | Extra: {"child_id":303548,"remaining":0}
[2026-08-17 01:14:39] Event: 54 | Ticket: 6a6bb1f40f7a1 | Status: SUCCESS | Message: Ticket scanned successfully. | Extra: {"child_id":303201,"remaining":null}
[2026-08-17 01:15:43] Event: 54 | Ticket: 6a5d7c641fc5c | Status: SUCCESS | Message: Ticket scanned successfully. | Extra: {"child_id":302787,"remaining":null}
[2026-08-17 01:15:53] Event: 54 | Ticket: 6a5d7c64204a3 | Status: SUCCESS | Message: Ticket scanned successfully. | Extra: {"child_id":302788,"remaining":null}
[2026-08-17 01:15:59] Event: 54 | Ticket: 6a5d7c6420692 | Status: SUCCESS | Message: Ticket scanned successfully. | Extra: {"child_id":302789,"remaining":null}
[2026-08-17 01:17:30] Event: 54 | Ticket: 6a80db3680c1f | Status: SUCCESS | Message: Ticket scanned successfully. | Extra: {"child_id":34231912,"remaining":0}
[2026-08-17 01:17:42] Event: 54 | Ticket: 6a56fb3d21dbd | Status: SUCCESS | Message: Ticket scanned successfully. | Extra: {"child_id":302606,"remaining":null}
[2026-08-17 01:17:47] Event: 54 | Ticket: 6a56fb3d21cf3 | Status: SUCCESS | Message: Ticket scanned successfully. | Extra: {"child_id":302605,"remaining":null}
[2026-08-17 01:18:01] Event: 54 | Ticket: 6a80db3682021 | Status: SUCCESS | Message: Ticket scanned successfully. | Extra: {"child_id":34231913,"remaining":0}
[2026-08-17 01:18:06] Event: 54 | Ticket: 6a80cd72d64f8 | Status: SUCCESS | Message: Ticket scanned successfully. | Extra: {"child_id":34231897,"remaining":0}
[2026-08-17 01:18:11] Event: 54 | Ticket: 6a80cd72d64f8 | Status: FAILED | Message: Check-in limit exceeded! | Extra: {"child_id":34231897}
[2026-08-17 01:18:14] Event: 54 | Ticket: 6a80db36822c5 | Status: SUCCESS | Message: Ticket scanned successfully. | Extra: {"child_id":34231914,"remaining":0}
[2026-08-17 01:18:16] Event: 54 | Ticket: 6a80cd72d64f8 | Status: FAILED | Message: Check-in limit exceeded! | Extra: {"child_id":34231897}
[2026-08-17 01:18:22] Event: 54 | Ticket: 6a80cd72d64f8 | Status: FAILED | Message: Check-in limit exceeded! | Extra: {"child_id":34231897}
[2026-08-17 01:18:29] Event: 54 | Ticket: 6a5d902ca0322 | Status: SUCCESS | Message: Ticket scanned successfully. | Extra: {"child_id":302793,"remaining":null}
[2026-08-17 01:19:29] Event: 54 | Ticket: 6a77ee0a7f944 | Status: SUCCESS | Message: Ticket scanned successfully. | Extra: {"child_id":303485,"remaining":0}
[2026-08-17 01:19:31] Event: 54 | Ticket: 6a6bb6c0bd517 | Status: SUCCESS | Message: Ticket scanned successfully. | Extra: {"child_id":303206,"remaining":null}
[2026-08-17 01:19:34] Event: 54 | Ticket: 6a6bb6c0bd6a8 | Status: SUCCESS | Message: Ticket scanned successfully. | Extra: {"child_id":303207,"remaining":null}
[2026-08-17 01:19:38] Event: 54 | Ticket: 6a6bb6c0bce34 | Status: SUCCESS | Message: Ticket scanned successfully. | Extra: {"child_id":303205,"remaining":null}
[2026-08-17 01:19:39] Event: 54 | Ticket: 6a6d12c112194 | Status: SUCCESS | Message: Ticket scanned successfully. | Extra: {"child_id":303277,"remaining":null}
[2026-08-17 01:19:43] Event: 54 | Ticket: 6a77ee0a80128 | Status: SUCCESS | Message: Ticket scanned successfully. | Extra: {"child_id":303486,"remaining":0}
[2026-08-17 01:19:49] Event: 54 | Ticket: 6a6bb2c825656 | Status: SUCCESS | Message: Ticket scanned successfully. | Extra: {"child_id":303203,"remaining":null}
[2026-08-17 01:19:59] Event: 54 | Ticket: 6a6bb2c825a5a | Status: SUCCESS | Message: Ticket scanned successfully. | Extra: {"child_id":303204,"remaining":null}
[2026-08-17 01:20:14] Event: 54 | Ticket: 6a81d815b43be | Status: SUCCESS | Message: Ticket scanned successfully. | Extra: {"child_id":34231930,"remaining":0}
[2026-08-17 01:20:15] Event: 54 | Ticket: 6a734817b2a03 | Status: SUCCESS | Message: Ticket scanned successfully. | Extra: {"child_id":303382,"remaining":0}
[2026-08-17 01:20:19] Event: 54 | Ticket: 6a81d815b4e7a | Status: SUCCESS | Message: Ticket scanned successfully. | Extra: {"child_id":34231931,"remaining":0}
[2026-08-17 01:20:19] Event: 54 | Ticket: 6a734817b3189 | Status: SUCCESS | Message: Ticket scanned successfully. | Extra: {"child_id":303383,"remaining":0}
[2026-08-17 01:20:21] Event: 54 | Ticket: 6a5c344189071 | Status: SUCCESS | Message: Ticket scanned successfully. | Extra: {"child_id":302776,"remaining":null}
[2026-08-17 01:20:24] Event: 54 | Ticket: 6a75007eb494a | Status: SUCCESS | Message: Ticket scanned successfully. | Extra: {"child_id":303410,"remaining":0}
[2026-08-17 01:20:29] Event: 54 | Ticket: 6a80e25c6d783 | Status: SUCCESS | Message: Ticket scanned successfully. | Extra: {"child_id":34231920,"remaining":0}
[2026-08-17 01:20:30] Event: 54 | Ticket: 6a80cdf9a9a3c | Status: SUCCESS | Message: Ticket scanned successfully. | Extra: {"child_id":34231898,"remaining":0}
[2026-08-17 01:20:33] Event: 54 | Ticket: 6a80cdf9aa0ca | Status: SUCCESS | Message: Ticket scanned successfully. | Extra: {"child_id":34231899,"remaining":0}
[2026-08-17 01:20:40] Event: 54 | Ticket: 6a5c344189388 | Status: SUCCESS | Message: Ticket scanned successfully. | Extra: {"child_id":302778,"remaining":null}
[2026-08-17 01:20:43] Event: 54 | Ticket: 6a80e25c6db19 | Status: SUCCESS | Message: Ticket scanned successfully. | Extra: {"child_id":34231921,"remaining":0}
[2026-08-17 01:20:51] Event: 54 | Ticket: 6a6ccf9d2a922 | Status: SUCCESS | Message: Ticket scanned successfully. | Extra: {"child_id":303252,"remaining":0}
[2026-08-17 01:20:56] Event: 54 | Ticket: 6a6e7029af40f | Status: SUCCESS | Message: Ticket scanned successfully. | Extra: {"child_id":303316,"remaining":0}
[2026-08-17 01:20:57] Event: 54 | Ticket: 6a7d44a85038f | Status: SUCCESS | Message: Ticket scanned successfully. | Extra: {"child_id":303632,"remaining":0}
[2026-08-17 01:20:59] Event: 54 | Ticket: 6a6ccf9d2abd7 | Status: SUCCESS | Message: Ticket scanned successfully. | Extra: {"child_id":303253,"remaining":0}
[2026-08-17 01:21:01] Event: 54 | Ticket: 6a75007eb494a | Status: FAILED | Message: Check-in limit exceeded! | Extra: {"child_id":303410}
[2026-08-17 01:21:03] Event: 54 | Ticket: 6a7d44a850d47 | Status: SUCCESS | Message: Ticket scanned successfully. | Extra: {"child_id":303633,"remaining":0}
[2026-08-17 01:21:05] Event: 54 | Ticket: 6a6e7029af750 | Status: SUCCESS | Message: Ticket scanned successfully. | Extra: {"child_id":303317,"remaining":0}
[2026-08-17 01:21:10] Event: 54 | Ticket: 6a7d44a851210 | Status: SUCCESS | Message: Ticket scanned successfully. | Extra: {"child_id":303634,"remaining":0}
[2026-08-17 01:21:14] Event: 54 | Ticket: 6a7c9dd48f78a | Status: SUCCESS | Message: Ticket scanned successfully. | Extra: {"child_id":303593,"remaining":0}
[2026-08-17 01:21:15] Event: 54 | Ticket: 6a7d44a8514cb | Status: SUCCESS | Message: Ticket scanned successfully. | Extra: {"child_id":303635,"remaining":0}
[2026-08-17 01:21:19] Event: 54 | Ticket: 6a7c9dd48fa9f | Status: SUCCESS | Message: Ticket scanned successfully. | Extra: {"child_id":303594,"remaining":0}
[2026-08-17 01:21:21] Event: 54 | Ticket: 6a7d5127301bf | Status: SUCCESS | Message: Ticket scanned successfully. | Extra: {"child_id":303636,"remaining":0}
[2026-08-17 01:21:21] Event: 54 | Ticket: 6a7d512730848 | Status: SUCCESS | Message: Ticket scanned successfully. | Extra: {"child_id":303637,"remaining":0}
[2026-08-17 01:21:29] Event: 54 | Ticket: 6a7d512730848 | Status: FAILED | Message: Check-in limit exceeded! | Extra: {"child_id":303637}
[2026-08-17 01:21:34] Event: 54 | Ticket: 6a7d512730a6f | Status: SUCCESS | Message: Ticket scanned successfully. | Extra: {"child_id":303638,"remaining":0}
[2026-08-17 01:21:35] Event: 54 | Ticket: 6a7d512730848 | Status: FAILED | Message: Check-in limit exceeded! | Extra: {"child_id":303637}
[2026-08-17 01:21:40] Event: 54 | Ticket: 6a7d5127301bf | Status: FAILED | Message: Check-in limit exceeded! | Extra: {"child_id":303636}
[2026-08-17 01:21:49] Event: 54 | Ticket: 6a5d4fc393f39 | Status: SUCCESS | Message: Ticket scanned successfully. | Extra: {"child_id":302786,"remaining":null}
[2026-08-17 01:21:49] Event: 54 | Ticket: 6a60400e84a3a | Status: SUCCESS | Message: Ticket scanned successfully. | Extra: {"child_id":302956,"remaining":null}
[2026-08-17 01:21:57] Event: 54 | Ticket: 6a5d4fc393ccf | Status: SUCCESS | Message: Ticket scanned successfully. | Extra: {"child_id":302785,"remaining":null}
[2026-08-17 01:22:01] Event: 54 | Ticket: 6a60400e841dc | Status: SUCCESS | Message: Ticket scanned successfully. | Extra: {"child_id":302955,"remaining":null}
[2026-08-17 01:22:01] Event: 54 | Ticket: 6a5d4fc393456 | Status: SUCCESS | Message: Ticket scanned successfully. | Extra: {"child_id":302784,"remaining":null}
[2026-08-17 01:22:09] Event: 54 | Ticket: 6a6cfbabb9686 | Status: SUCCESS | Message: Ticket scanned successfully. | Extra: {"child_id":303275,"remaining":null}
[2026-08-17 01:22:15] Event: 54 | Ticket: 6a6cfbabb958b | Status: SUCCESS | Message: Ticket scanned successfully. | Extra: {"child_id":303274,"remaining":null}
[2026-08-17 01:22:19] Event: 54 | Ticket: 6a6cfbabb93e9 | Status: SUCCESS | Message: Ticket scanned successfully. | Extra: {"child_id":303273,"remaining":null}
[2026-08-17 01:22:28] Event: 54 | Ticket: 6a6cfbabb8cd5 | Status: SUCCESS | Message: Ticket scanned successfully. | Extra: {"child_id":303272,"remaining":null}
[2026-08-17 01:22:31] Event: 54 | Ticket: 6a5544a83b943 | Status: SUCCESS | Message: Ticket scanned successfully. | Extra: {"child_id":302545,"remaining":null}
[2026-08-17 01:22:33] Event: 54 | Ticket: 6a77ee9d5ddd3 | Status: SUCCESS | Message: Ticket scanned successfully. | Extra: {"child_id":303487,"remaining":0}
[2026-08-17 01:22:35] Event: 54 | Ticket: 6a5544a83ba47 | Status: SUCCESS | Message: Ticket scanned successfully. | Extra: {"child_id":302546,"remaining":null}
[2026-08-17 01:22:40] Event: 54 | Ticket: 6a75007eb494a | Status: FAILED | Message: Check-in limit exceeded! | Extra: {"child_id":303410}
[2026-08-17 01:22:43] Event: 54 | Ticket: 6a808591663a1 | Status: SUCCESS | Message: Ticket scanned successfully. | Extra: {"child_id":34231889,"remaining":0}
[2026-08-17 01:22:44] Event: 54 | Ticket: 6a77ee9d5e134 | Status: SUCCESS | Message: Ticket scanned successfully. | Extra: {"child_id":303488,"remaining":0}
[2026-08-17 01:22:53] Event: 54 | Ticket: 6a5544a83b855 | Status: SUCCESS | Message: Ticket scanned successfully. | Extra: {"child_id":302544,"remaining":null}
[2026-08-17 01:22:56] Event: 54 | Ticket: 6a808591663a1 | Status: FAILED | Message: Check-in limit exceeded! | Extra: {"child_id":34231889}
[2026-08-17 01:23:05] Event: 54 | Ticket: 6a808591663a1 | Status: FAILED | Message: Check-in limit exceeded! | Extra: {"child_id":34231889}
[2026-08-17 01:23:20] Event: 54 | Ticket: 6a56fb3d22224 | Status: SUCCESS | Message: Ticket scanned successfully. | Extra: {"child_id":302612,"remaining":null}
[2026-08-17 01:23:26] Event: 54 | Ticket: 6a56fb3d2216b | Status: SUCCESS | Message: Ticket scanned successfully. | Extra: {"child_id":302611,"remaining":null}
[2026-08-17 01:23:29] Event: 54 | Ticket: 6a808591663a1 | Status: FAILED | Message: Check-in limit exceeded! | Extra: {"child_id":34231889}
[2026-08-17 01:23:31] Event: 54 | Ticket: 6a56fb3d220ae | Status: SUCCESS | Message: Ticket scanned successfully. | Extra: {"child_id":302610,"remaining":null}
[2026-08-17 01:23:34] Event: 54 | Ticket: 6a808591663a1 | Status: FAILED | Message: Check-in limit exceeded! | Extra: {"child_id":34231889}
[2026-08-17 01:23:36] Event: 54 | Ticket: 6a56fb3d21ff3 | Status: SUCCESS | Message: Ticket scanned successfully. | Extra: {"child_id":302609,"remaining":null}
[2026-08-17 01:23:40] Event: 54 | Ticket: 6a56fb3d21f36 | Status: SUCCESS | Message: Ticket scanned successfully. | Extra: {"child_id":302608,"remaining":null}
[2026-08-17 01:23:44] Event: 54 | Ticket: 6a56fb3d21e7b | Status: SUCCESS | Message: Ticket scanned successfully. | Extra: {"child_id":302607,"remaining":null}
[2026-08-17 01:23:50] Event: 54 | Ticket: 6a821c56271c1 | Status: SUCCESS | Message: Ticket scanned successfully. | Extra: {"child_id":34231950,"remaining":0}
[2026-08-17 01:23:58] Event: 54 | Ticket: 6a821c562793e | Status: SUCCESS | Message: Ticket scanned successfully. | Extra: {"child_id":34231951,"remaining":0}
[2026-08-17 01:24:04] Event: 54 | Ticket: 6a7de0ede367b | Status: SUCCESS | Message: Ticket scanned successfully. | Extra: {"child_id":34231819,"remaining":0}
[2026-08-17 01:24:09] Event: 54 | Ticket: 6a7de0ede3f23 | Status: SUCCESS | Message: Ticket scanned successfully. | Extra: {"child_id":34231820,"remaining":0}
[2026-08-17 01:24:30] Event: 54 | Ticket: 6a71386754165 | Status: SUCCESS | Message: Ticket scanned successfully. | Extra: {"child_id":303359,"remaining":0}
[2026-08-17 01:24:36] Event: 54 | Ticket: 6a71386754905 | Status: SUCCESS | Message: Ticket scanned successfully. | Extra: {"child_id":303360,"remaining":0}
[2026-08-17 01:24:39] Event: 54 | Ticket: 6a6cd12272214 | Status: SUCCESS | Message: Ticket scanned successfully. | Extra: {"child_id":303260,"remaining":0}
[2026-08-17 01:24:40] Event: 54 | Ticket: 6a71386754a96 | Status: SUCCESS | Message: Ticket scanned successfully. | Extra: {"child_id":303361,"remaining":0}
[2026-08-17 01:24:44] Event: 54 | Ticket: 6a6cd122725db | Status: SUCCESS | Message: Ticket scanned successfully. | Extra: {"child_id":303261,"remaining":0}
[2026-08-17 01:24:48] Event: 54 | Ticket: 6a6cd12272765 | Status: SUCCESS | Message: Ticket scanned successfully. | Extra: {"child_id":303262,"remaining":0}
[2026-08-17 01:24:52] Event: 54 | Ticket: 6a6cd122728ac | Status: SUCCESS | Message: Ticket scanned successfully. | Extra: {"child_id":303263,"remaining":0}
[2026-08-17 01:25:16] Event: 54 | Ticket: 6a6bf59e30a3a | Status: SUCCESS | Message: Ticket scanned successfully. | Extra: {"child_id":303231,"remaining":null}
[2026-08-17 01:25:19] Event: 54 | Ticket: 6a6bf59e30bc9 | Status: SUCCESS | Message: Ticket scanned successfully. | Extra: {"child_id":303232,"remaining":null}
[2026-08-17 01:25:21] Event: 54 | Ticket: 6a808591663a1 | Status: FAILED | Message: Check-in limit exceeded! | Extra: {"child_id":34231889}
[2026-08-17 01:25:27] Event: 54 | Ticket: 6a6bf59e30213 | Status: SUCCESS | Message: Ticket scanned successfully. | Extra: {"child_id":303230,"remaining":null}
[2026-08-17 01:25:28] Event: 54 | Ticket: 6a808591663a1 | Status: FAILED | Message: Check-in limit exceeded! | Extra: {"child_id":34231889}
[2026-08-17 01:25:34] Event: 54 | Ticket: 6a76436b1de1e | Status: SUCCESS | Message: Ticket scanned successfully. | Extra: {"child_id":303435,"remaining":0}
[2026-08-17 01:25:47] Event: 54 | Ticket: 6a76436b1e591 | Status: SUCCESS | Message: Ticket scanned successfully. | Extra: {"child_id":303436,"remaining":0}
[2026-08-17 01:26:01] Event: 54 | Ticket: 6a6b747bce664 | Status: SUCCESS | Message: Ticket scanned successfully. | Extra: {"child_id":303194,"remaining":null}
[2026-08-17 01:26:04] Event: 54 | Ticket: 6a6b747bce51a | Status: SUCCESS | Message: Ticket scanned successfully. | Extra: {"child_id":303193,"remaining":null}
[2026-08-17 01:26:09] Event: 54 | Ticket: 6a6b747bce51a | Status: SUCCESS | Message: Ticket scanned successfully. | Extra: {"child_id":303193,"remaining":null}
[2026-08-17 01:26:12] Event: 54 | Ticket: 6a6b747bce51a | Status: SUCCESS | Message: Ticket scanned successfully. | Extra: {"child_id":303193,"remaining":null}
[2026-08-17 01:26:14] Event: 54 | Ticket: 6a6b747bceccf | Status: SUCCESS | Message: Ticket scanned successfully. | Extra: {"child_id":303199,"remaining":null}
[2026-08-17 01:26:56] Event: 54 | Ticket: 6a650473cf559 | Status: SUCCESS | Message: Ticket scanned successfully. | Extra: {"child_id":303141,"remaining":null}
[2026-08-17 01:27:03] Event: 54 | Ticket: 6a650473cfbd6 | Status: SUCCESS | Message: Ticket scanned successfully. | Extra: {"child_id":303142,"remaining":null}
[2026-08-17 01:27:06] Event: 54 | Ticket: 6a650473cfcf7 | Status: SUCCESS | Message: Ticket scanned successfully. | Extra: {"child_id":303143,"remaining":null}
[2026-08-17 01:27:11] Event: 54 | Ticket: 6a650473cfe8b | Status: SUCCESS | Message: Ticket scanned successfully. | Extra: {"child_id":303144,"remaining":null}
[2026-08-17 01:27:44] Event: 54 | Ticket: 6a6e2a6bb54fb | Status: SUCCESS | Message: Ticket scanned successfully. | Extra: {"child_id":303285,"remaining":0}
[2026-08-17 01:27:50] Event: 54 | Ticket: 6a6e2a6bb5db4 | Status: SUCCESS | Message: Ticket scanned successfully. | Extra: {"child_id":303286,"remaining":0}
[2026-08-17 01:28:21] Event: 54 | Ticket: 6a75007eb494a | Status: FAILED | Message: Check-in limit exceeded! | Extra: {"child_id":303410}
[2026-08-17 01:28:50] Event: 54 | Ticket: 6a62e9a99ecf7 | Status: SUCCESS | Message: Ticket scanned successfully. | Extra: {"child_id":303095,"remaining":null}
[2026-08-17 01:28:51] Event: 54 | Ticket: 6a82170f029a7 | Status: SUCCESS | Message: Ticket scanned successfully. | Extra: {"child_id":34231948,"remaining":0}
[2026-08-17 01:28:59] Event: 54 | Ticket: 6a82170f02ddb | Status: SUCCESS | Message: Ticket scanned successfully. | Extra: {"child_id":34231949,"remaining":0}
[2026-08-17 01:29:15] Event: 54 | Ticket: 6a820a729d6fc | Status: SUCCESS | Message: Ticket scanned successfully. | Extra: {"child_id":34231936,"remaining":0}
[2026-08-17 01:29:23] Event: 54 | Ticket: 6a62e9a99f53b | Status: SUCCESS | Message: Ticket scanned successfully. | Extra: {"child_id":303096,"remaining":null}
[2026-08-17 01:29:38] Event: 54 | Ticket: 6a820a729cd79 | Status: FAILED | Message: Check-in limit exceeded! | Extra: {"child_id":34231932}
[2026-08-17 01:29:47] Event: 54 | Ticket: 6a56ee6934b70 | Status: SUCCESS | Message: Ticket scanned successfully. | Extra: {"child_id":302595,"remaining":null}
[2026-08-17 01:30:01] Event: 54 | Ticket: 6a820a729d19f | Status: FAILED | Message: Check-in limit exceeded! | Extra: {"child_id":34231933}
[2026-08-17 01:30:05] Event: 54 | Ticket: 6a56ee6934e28 | Status: SUCCESS | Message: Ticket scanned successfully. | Extra: {"child_id":302596,"remaining":null}
[2026-08-17 01:30:13] Event: 54 | Ticket: 6a820a729d6fc | Status: FAILED | Message: Check-in limit exceeded! | Extra: {"child_id":34231936}
[2026-08-17 01:30:18] Event: 54 | Ticket: 6a820a729d6fc | Status: FAILED | Message: Check-in limit exceeded! | Extra: {"child_id":34231936}
[2026-08-17 01:30:40] Event: 54 | Ticket: 6a55ab2142cfa | Status: SUCCESS | Message: Ticket scanned successfully. | Extra: {"child_id":302575,"remaining":null}
[2026-08-17 01:30:50] Event: 54 | Ticket: 6a55ab214265a | Status: SUCCESS | Message: Ticket scanned successfully. | Extra: {"child_id":302574,"remaining":null}
[2026-08-17 01:30:54] Event: 54 | Ticket: 6a77a03c5ff7f | Status: SUCCESS | Message: Ticket scanned successfully. | Extra: {"child_id":303477,"remaining":0}
[2026-08-17 01:30:59] Event: 54 | Ticket: 6a77a03c60812 | Status: SUCCESS | Message: Ticket scanned successfully. | Extra: {"child_id":303478,"remaining":0}
[2026-08-17 01:31:12] Event: 54 | Ticket: 6a56fb3d21c1b | Status: SUCCESS | Message: Ticket scanned successfully. | Extra: {"child_id":302604,"remaining":null}
[2026-08-17 01:31:19] Event: 54 | Ticket: 6a56fb3d21ab6 | Status: SUCCESS | Message: Ticket scanned successfully. | Extra: {"child_id":302603,"remaining":null}
[2026-08-17 01:31:22] Event: 54 | Ticket: 6a5fd1198f116 | Status: SUCCESS | Message: Ticket scanned successfully. | Extra: {"child_id":302954,"remaining":null}
[2026-08-17 01:31:30] Event: 54 | Ticket: 6a812bf685bd6 | Status: SUCCESS | Message: Ticket scanned successfully. | Extra: {"child_id":34231923,"remaining":0}
[2026-08-17 01:31:31] Event: 54 | Ticket: 6a5fd1198ef8e | Status: SUCCESS | Message: Ticket scanned successfully. | Extra: {"child_id":302953,"remaining":null}
[2026-08-17 01:31:36] Event: 54 | Ticket: 6a5fd1198e740 | Status: SUCCESS | Message: Ticket scanned successfully. | Extra: {"child_id":302951,"remaining":null}
[2026-08-17 01:31:40] Event: 54 | Ticket: 6a812bf686005 | Status: SUCCESS | Message: Ticket scanned successfully. | Extra: {"child_id":34231924,"remaining":0}
[2026-08-17 01:31:46] Event: 54 | Ticket: 6a7911bc60752 | Status: SUCCESS | Message: Ticket scanned successfully. | Extra: {"child_id":303502,"remaining":0}
[2026-08-17 01:31:51] Event: 54 | Ticket: 6a5fd1198ee6a | Status: SUCCESS | Message: Ticket scanned successfully. | Extra: {"child_id":302952,"remaining":null}
[2026-08-17 01:31:52] Event: 54 | Ticket: 6a77a452af1a0 | Status: SUCCESS | Message: Ticket scanned successfully. | Extra: {"child_id":303479,"remaining":0}
[2026-08-17 01:32:03] Event: 54 | Ticket: 6a77a452afa73 | Status: SUCCESS | Message: Ticket scanned successfully. | Extra: {"child_id":303480,"remaining":0}
[2026-08-17 01:32:06] Event: 54 | Ticket: 6a77a452afbe4 | Status: SUCCESS | Message: Ticket scanned successfully. | Extra: {"child_id":303481,"remaining":0}
[2026-08-17 01:32:20] Event: 54 | Ticket: 6a6e2b09ed283 | Status: SUCCESS | Message: Ticket scanned successfully. | Extra: {"child_id":303291,"remaining":0}
[2026-08-17 01:32:24] Event: 54 | Ticket: 6a6e2b09ecf9d | Status: SUCCESS | Message: Ticket scanned successfully. | Extra: {"child_id":303290,"remaining":0}
[2026-08-17 01:33:05] Event: 54 | Ticket: 6a80d246ad2b5 | Status: SUCCESS | Message: Ticket scanned successfully. | Extra: {"child_id":34231900,"remaining":0}
[2026-08-17 01:33:20] Event: 54 | Ticket: 6a80d246ad674 | Status: SUCCESS | Message: Ticket scanned successfully. | Extra: {"child_id":34231901,"remaining":0}
[2026-08-17 01:33:41] Event: 54 | Ticket: 6a6e2abf5ca49 | Status: SUCCESS | Message: Ticket scanned successfully. | Extra: {"child_id":303287,"remaining":0}
[2026-08-17 01:33:45] Event: 54 | Ticket: 6a6e2abf5ce8a | Status: SUCCESS | Message: Ticket scanned successfully. | Extra: {"child_id":303288,"remaining":0}
[2026-08-17 01:34:57] Event: 54 | Ticket: 6a6a2646a4ff9 | Status: SUCCESS | Message: Ticket scanned successfully. | Extra: {"child_id":303174,"remaining":null}
[2026-08-17 01:34:58] Event: 54 | Ticket: 6a72b95474576 | Status: SUCCESS | Message: Ticket scanned successfully. | Extra: {"child_id":303376,"remaining":0}
[2026-08-17 01:35:02] Event: 54 | Ticket: 6a72b95474d1c | Status: SUCCESS | Message: Ticket scanned successfully. | Extra: {"child_id":303377,"remaining":0}
[2026-08-17 01:35:03] Event: 54 | Ticket: 6a6a2646a56fb | Status: SUCCESS | Message: Ticket scanned successfully. | Extra: {"child_id":303175,"remaining":null}
[2026-08-17 01:35:07] Event: 54 | Ticket: 6a72b95474d1c | Status: FAILED | Message: Check-in limit exceeded! | Extra: {"child_id":303377}
[2026-08-17 01:35:13] Event: 54 | Ticket: 6a72b95474e40 | Status: SUCCESS | Message: Ticket scanned successfully. | Extra: {"child_id":303378,"remaining":0}
[2026-08-17 01:35:19] Event: 54 | Ticket: 6a72b95474e40 | Status: FAILED | Message: Check-in limit exceeded! | Extra: {"child_id":303378}
[2026-08-17 01:35:21] Event: 54 | Ticket: 6a72b95474f65 | Status: SUCCESS | Message: Ticket scanned successfully. | Extra: {"child_id":303379,"remaining":0}
[2026-08-17 01:36:23] Event: 54 | Ticket: 6a6ad0fa9e830 | Status: SUCCESS | Message: Ticket scanned successfully. | Extra: {"child_id":303187,"remaining":null}
[2026-08-17 01:36:27] Event: 54 | Ticket: 6a6ad0fa9e6e1 | Status: SUCCESS | Message: Ticket scanned successfully. | Extra: {"child_id":303186,"remaining":null}
[2026-08-17 01:36:32] Event: 54 | Ticket: 6a6ad0fa9e4ab | Status: SUCCESS | Message: Ticket scanned successfully. | Extra: {"child_id":303185,"remaining":null}
[2026-08-17 01:36:34] Event: 54 | Ticket: 6a7614b54c636 | Status: SUCCESS | Message: Ticket scanned successfully. | Extra: {"child_id":303431,"remaining":0}
[2026-08-17 01:36:36] Event: 54 | Ticket: 6a6ad0fa9dc70 | Status: SUCCESS | Message: Ticket scanned successfully. | Extra: {"child_id":303184,"remaining":null}
[2026-08-17 01:36:44] Event: 54 | Ticket: 6a7614b54ce2b | Status: SUCCESS | Message: Ticket scanned successfully. | Extra: {"child_id":303432,"remaining":0}
[2026-08-17 01:38:03] Event: 54 | Ticket: 6a6d429636fd8 | Status: SUCCESS | Message: Ticket scanned successfully. | Extra: {"child_id":303281,"remaining":null}
[2026-08-17 01:38:04] Event: 54 | Ticket: 6a71f53e1560f | Status: SUCCESS | Message: Ticket scanned successfully. | Extra: {"child_id":303365,"remaining":0}
[2026-08-17 01:38:08] Event: 54 | Ticket: 6a81281a6204a | Status: SUCCESS | Message: Ticket scanned successfully. | Extra: {"child_id":34231922,"remaining":0}
[2026-08-17 01:38:16] Event: 54 | Ticket: 6a6d429636fd8 | Status: SUCCESS | Message: Ticket scanned successfully. | Extra: {"child_id":303281,"remaining":null}
[2026-08-17 01:40:36] Event: 54 | Ticket: 6a7fa97f3f5db | Status: SUCCESS | Message: Ticket scanned successfully. | Extra: {"child_id":34231857,"remaining":0}
[2026-08-17 01:40:40] Event: 54 | Ticket: 6a7fa97f3f9a5 | Status: SUCCESS | Message: Ticket scanned successfully. | Extra: {"child_id":34231858,"remaining":0}
[2026-08-17 01:40:46] Event: 54 | Ticket: 6a7fa97f3fb99 | Status: SUCCESS | Message: Ticket scanned successfully. | Extra: {"child_id":34231859,"remaining":0}
[2026-08-17 01:40:52] Event: 54 | Ticket: 6a7fa97f3fd82 | Status: SUCCESS | Message: Ticket scanned successfully. | Extra: {"child_id":34231860,"remaining":0}
[2026-08-17 01:40:58] Event: 54 | Ticket: 6a7fa97f3ff40 | Status: SUCCESS | Message: Ticket scanned successfully. | Extra: {"child_id":34231861,"remaining":0}
[2026-08-17 01:41:04] Event: 54 | Ticket: 6a7fa97f400cc | Status: SUCCESS | Message: Ticket scanned successfully. | Extra: {"child_id":34231862,"remaining":0}
[2026-08-17 01:41:10] Event: 54 | Ticket: 6a7fa97f400cc | Status: FAILED | Message: Check-in limit exceeded! | Extra: {"child_id":34231862}
[2026-08-17 01:41:10] Event: 54 | Ticket: 6a7e1ec783f1b | Status: SUCCESS | Message: Ticket scanned successfully. | Extra: {"child_id":34231822,"remaining":0}
[2026-08-17 01:41:15] Event: 54 | Ticket: 6a7fa97f4023e | Status: SUCCESS | Message: Ticket scanned successfully. | Extra: {"child_id":34231863,"remaining":0}
[2026-08-17 01:41:17] Event: 54 | Ticket: 6a7e1ec783f1b | Status: FAILED | Message: Check-in limit exceeded! | Extra: {"child_id":34231822}
[2026-08-17 01:41:23] Event: 54 | Ticket: 6a7e1ec783f1b | Status: FAILED | Message: Check-in limit exceeded! | Extra: {"child_id":34231822}
[2026-08-17 01:41:27] Event: 54 | Ticket: 6a6e31d481cb4 | Status: SUCCESS | Message: Ticket scanned successfully. | Extra: {"child_id":303308,"remaining":0}
[2026-08-17 01:41:31] Event: 54 | Ticket: 6a6e31d482013 | Status: SUCCESS | Message: Ticket scanned successfully. | Extra: {"child_id":303309,"remaining":0}
[2026-08-17 01:41:33] Event: 54 | Ticket: 6a6e31d48222f | Status: SUCCESS | Message: Ticket scanned successfully. | Extra: {"child_id":303310,"remaining":0}
[2026-08-17 01:41:35] Event: 54 | Ticket: 6a6e31d482307 | Status: SUCCESS | Message: Ticket scanned successfully. | Extra: {"child_id":303311,"remaining":0}
[2026-08-17 01:42:58] Event: 54 | Ticket: 6a66d7635c525 | Status: SUCCESS | Message: Ticket scanned successfully. | Extra: {"child_id":303153,"remaining":null}
[2026-08-17 01:43:59] Event: 54 | Ticket: 6a8220e11a377 | Status: FAILED | Message: Check-in limit exceeded! | Extra: {"child_id":34231955}
[2026-08-17 01:44:04] Event: 54 | Ticket: 6a75007eb494a | Status: FAILED | Message: Check-in limit exceeded! | Extra: {"child_id":303410}
[2026-08-17 01:44:11] Event: 54 | Ticket: 6a8220e11a377 | Status: FAILED | Message: Check-in limit exceeded! | Extra: {"child_id":34231955}
[2026-08-17 01:44:24] Event: 54 | Ticket: 6a8220e11a571 | Status: SUCCESS | Message: Ticket scanned successfully. | Extra: {"child_id":34231956,"remaining":0}
[2026-08-17 01:44:45] Event: 54 | Ticket: 6a75652c70295 | Status: SUCCESS | Message: Ticket scanned successfully. | Extra: {"child_id":303419,"remaining":0}
[2026-08-17 01:44:51] Event: 54 | Ticket: 6a75652c6fa06 | Status: SUCCESS | Message: Ticket scanned successfully. | Extra: {"child_id":303418,"remaining":0}
[2026-08-17 01:45:08] Event: 54 | Ticket: 6a8220e11a16f | Status: SUCCESS | Message: Ticket scanned successfully. | Extra: {"child_id":34231954,"remaining":0}
[2026-08-17 01:45:14] Event: 54 | Ticket: 6a75007eb494a | Status: FAILED | Message: Check-in limit exceeded! | Extra: {"child_id":303410}
[2026-08-17 01:45:26] Event: 54 | Ticket: 6a796bdaa1f03 | Status: SUCCESS | Message: Ticket scanned successfully. | Extra: {"child_id":303507,"remaining":0}
[2026-08-17 01:45:37] Event: 54 | Ticket: 6a796bdaa2290 | Status: SUCCESS | Message: Ticket scanned successfully. | Extra: {"child_id":303508,"remaining":0}
[2026-08-17 01:45:41] Event: 54 | Ticket: 6a5d80143f092 | Status: SUCCESS | Message: Ticket scanned successfully. | Extra: {"child_id":302792,"remaining":null}
[2026-08-17 01:45:47] Event: 54 | Ticket: 6a5d80143ee90 | Status: SUCCESS | Message: Ticket scanned successfully. | Extra: {"child_id":302791,"remaining":null}
[2026-08-17 01:45:57] Event: 54 | Ticket: 6a5d80143e5f9 | Status: SUCCESS | Message: Ticket scanned successfully. | Extra: {"child_id":302790,"remaining":null}
[2026-08-17 01:46:36] Event: 54 | Ticket: 6a8213e100c6e | Status: SUCCESS | Message: Ticket scanned successfully. | Extra: {"child_id":34231940,"remaining":0}
[2026-08-17 01:46:40] Event: 54 | Ticket: 6a8213e100e64 | Status: SUCCESS | Message: Ticket scanned successfully. | Extra: {"child_id":34231941,"remaining":0}
[2026-08-17 01:46:42] Event: 54 | Ticket: 6a7611e09aa99 | Status: SUCCESS | Message: Ticket scanned successfully. | Extra: {"child_id":303429,"remaining":0}
[2026-08-17 01:46:44] Event: 54 | Ticket: 6a8213e10106b | Status: SUCCESS | Message: Ticket scanned successfully. | Extra: {"child_id":34231942,"remaining":0}
[2026-08-17 01:46:47] Event: 54 | Ticket: 6a7611e09b210 | Status: SUCCESS | Message: Ticket scanned successfully. | Extra: {"child_id":303430,"remaining":0}
[2026-08-17 01:47:01] Event: 54 | Ticket: 6a5544a83c557 | Status: SUCCESS | Message: Ticket scanned successfully. | Extra: {"child_id":302557,"remaining":null}
[2026-08-17 01:47:05] Event: 54 | Ticket: 6a5544a83c614 | Status: SUCCESS | Message: Ticket scanned successfully. | Extra: {"child_id":302558,"remaining":null}
[2026-08-17 01:47:44] Event: 54 | Ticket: 6a5544a83c156 | Status: SUCCESS | Message: Ticket scanned successfully. | Extra: {"child_id":302553,"remaining":null}
[2026-08-17 01:47:48] Event: 54 | Ticket: 6a5544a83c290 | Status: SUCCESS | Message: Ticket scanned successfully. | Extra: {"child_id":302554,"remaining":null}
[2026-08-17 01:47:53] Event: 54 | Ticket: 6a7516f2d7981 | Status: SUCCESS | Message: Ticket scanned successfully. | Extra: {"child_id":303411,"remaining":0}
[2026-08-17 01:47:57] Event: 54 | Ticket: 6a7516f2d8031 | Status: SUCCESS | Message: Ticket scanned successfully. | Extra: {"child_id":303412,"remaining":0}
[2026-08-17 01:48:01] Event: 54 | Ticket: 6a7516f2d818b | Status: SUCCESS | Message: Ticket scanned successfully. | Extra: {"child_id":303413,"remaining":0}
[2026-08-17 01:48:04] Event: 54 | Ticket: 6a7516f2d82a6 | Status: SUCCESS | Message: Ticket scanned successfully. | Extra: {"child_id":303414,"remaining":0}
[2026-08-17 01:48:12] Event: 54 | Ticket: 6a5544a83b357 | Status: SUCCESS | Message: Ticket scanned successfully. | Extra: {"child_id":302539,"remaining":null}
[2026-08-17 01:48:19] Event: 54 | Ticket: 6a5544a83b46a | Status: SUCCESS | Message: Ticket scanned successfully. | Extra: {"child_id":302540,"remaining":null}
[2026-08-17 01:48:25] Event: 54 | Ticket: 6a5544a83bfbf | Status: SUCCESS | Message: Ticket scanned successfully. | Extra: {"child_id":302552,"remaining":null}
[2026-08-17 01:48:31] Event: 54 | Ticket: 6a5544a83b5c3 | Status: SUCCESS | Message: Ticket scanned successfully. | Extra: {"child_id":302541,"remaining":null}
[2026-08-17 01:48:35] Event: 54 | Ticket: 6a5544a83b6d3 | Status: SUCCESS | Message: Ticket scanned successfully. | Extra: {"child_id":302542,"remaining":null}
[2026-08-17 01:48:54] Event: 54 | Ticket: 6a7627a2da287 | Status: SUCCESS | Message: Ticket scanned successfully. | Extra: {"child_id":303433,"remaining":0}
[2026-08-17 01:48:59] Event: 54 | Ticket: 6a7627a2da889 | Status: SUCCESS | Message: Ticket scanned successfully. | Extra: {"child_id":303434,"remaining":0}
[2026-08-17 01:49:04] Event: 54 | Ticket: 6a75007eb494a | Status: FAILED | Message: Check-in limit exceeded! | Extra: {"child_id":303410}
[2026-08-17 01:50:11] Event: 54 | Ticket: 6a5544a83c389 | Status: SUCCESS | Message: Ticket scanned successfully. | Extra: {"child_id":302555,"remaining":null}
[2026-08-17 01:50:17] Event: 54 | Ticket: 6a75007eb494a | Status: FAILED | Message: Check-in limit exceeded! | Extra: {"child_id":303410}
[2026-08-17 01:51:40] Event: 54 | Ticket: 6a8230666a9a4 | Status: SUCCESS | Message: Ticket scanned successfully. | Extra: {"child_id":34231963,"remaining":0}
[2026-08-17 01:52:41] Event: 54 | Ticket: 6a8230666b4e5 | Status: SUCCESS | Message: Ticket scanned successfully. | Extra: {"child_id":34231964,"remaining":0}
[2026-08-17 01:55:41] Event: 54 | Ticket: 6a5544a83becc | Status: SUCCESS | Message: Ticket scanned successfully. | Extra: {"child_id":302551,"remaining":null}
[2026-08-17 01:55:45] Event: 54 | Ticket: 6a5544a83bb3b | Status: SUCCESS | Message: Ticket scanned successfully. | Extra: {"child_id":302547,"remaining":null}
[2026-08-17 01:58:59] Event: 54 | Ticket: 6a7ce12e6657e | Status: SUCCESS | Message: Ticket scanned successfully. | Extra: {"child_id":303602,"remaining":0}
[2026-08-17 02:00:50] Event: 54 | Ticket: 6a6b747bce378 | Status: SUCCESS | Message: Ticket scanned successfully. | Extra: {"child_id":303192,"remaining":null}
[2026-08-17 02:00:52] Event: 54 | Ticket: 6a6b747bcdbd6 | Status: SUCCESS | Message: Ticket scanned successfully. | Extra: {"child_id":303191,"remaining":null}
[2026-08-17 02:01:01] Event: 54 | Ticket: 6a6b747bcdbd6 | Status: SUCCESS | Message: Ticket scanned successfully. | Extra: {"child_id":303191,"remaining":null}
[2026-08-17 02:02:01] Event: 54 | Ticket: 6a7aa5ae58867 | Status: SUCCESS | Message: Ticket scanned successfully. | Extra: {"child_id":303547,"remaining":0}
[2026-08-17 02:02:48] Event: 54 | Ticket: 6a56ef53c9ec9 | Status: SUCCESS | Message: Ticket scanned successfully. | Extra: {"child_id":302600,"remaining":null}
[2026-08-17 02:02:57] Event: 54 | Ticket: 6a56ef53c9db5 | Status: SUCCESS | Message: Ticket scanned successfully. | Extra: {"child_id":302599,"remaining":null}
[2026-08-17 02:03:18] Event: 54 | Ticket: 6a56ef53c9c2e | Status: SUCCESS | Message: Ticket scanned successfully. | Extra: {"child_id":302598,"remaining":null}
[2026-08-17 02:03:28] Event: 54 | Ticket: 6a56ef53c97d0 | Status: SUCCESS | Message: Ticket scanned successfully. | Extra: {"child_id":302597,"remaining":null}
[2026-08-17 02:07:00] Event: 54 | Ticket: 6a776d74ede70 | Status: SUCCESS | Message: Ticket scanned successfully. | Extra: {"child_id":303451,"remaining":0}
[2026-08-17 02:07:09] Event: 54 | Ticket: 6a7682168eefa | Status: SUCCESS | Message: Ticket scanned successfully. | Extra: {"child_id":303437,"remaining":0}
[2026-08-17 02:07:18] Event: 54 | Ticket: 6a7682168f751 | Status: SUCCESS | Message: Ticket scanned successfully. | Extra: {"child_id":303438,"remaining":0}
